name,url,inn,kpp
"МУНИЦИПАЛЬНОЕ БЮДЖЕТНОЕ УЧРЕЖДЕНИЕ ДОПОЛНИТЕЛЬНОГО ОБРАЗОВАНИЯ ""ДЕТСКО-ЮНОШЕСКИЙ ЦЕНТР ""ЮНОСТЬ""",https://zakupki.gov.ru/epz/organization/view/info.html?organizationId=769274,,
"МУНИЦИПАЛЬНОЕ КАЗЁННОЕ УЧРЕЖДЕНИЕ ""ЦЕНТР БУХГАЛТЕРСКОГО ОБСЛУЖИВАНИЯ И МАТЕРИАЛЬНО-ТЕХНИЧЕСКОГО ОБЕСПЕЧЕНИЯ""",https://zakupki.gov.ru/epz/organization/view/info.html?organizationId=2187536,,
"ГОСУДАРСТВЕННОЕ БЮДЖЕТНОЕ УЧРЕЖДЕНИЕ ЗДРАВООХРАНЕНИЯ ""КАМЧАТСКИЙ КРАЕВОЙ РОДИЛЬНЫЙ ДОМ""",https://zakupki.gov.ru/epz/organization/view/info.html?organizationId=727069,,
"МУНИЦИПАЛЬНОЕ БЮДЖЕТНОЕ УЧРЕЖДЕНИЕ ГОРОДСКОГО ОКРУГА ""ГОРОД ЧИТА"" ""ДОРОЖНО-МОСТОВОЕ РЕМОНТНО-СТРОИТЕЛЬНОЕ УПРАВЛЕНИЕ""",https://zakupki.gov.ru/epz/organization/view/info.html?organizationId=2615998,,
"КРАЕВОЕ ГОСУДАРСТВЕННОЕ БЮДЖЕТНОЕ УЧРЕЖДЕНИЕ ЗДРАВООХРАНЕНИЯ ""ЧЕРНИГОВСКАЯ ЦЕНТРАЛЬНАЯ РАЙОННАЯ БОЛЬНИЦА""",https://zakupki.gov.ru/epz/organization/view/info.html?organizationId=716666,,
"ГОСУДАРСТВЕННОЕ АВТОНОМНОЕ УЧРЕЖДЕНИЕ НОВОСИБИРСКОЙ ОБЛАСТИ ""НОВОСИБИРСКАЯ БАЗА АВИАЦИОННОЙ ОХРАНЫ ЛЕСОВ""",https://zakupki.gov.ru/epz/organization/view/info.html?organizationId=2178403,,
"КАЗЕННОЕ УЧРЕЖДЕНИЕ ХАНТЫ-МАНСИЙСКОГО АВТОНОМНОГО ОКРУГА - ЮГРЫ ""ЦЕНТР ЛЕКАРСТВЕННОГО МОНИТОРИНГА""",https://zakupki.gov.ru/epz/organization/view/info.html?organizationId=736279,,
"ГОСУДАРСТВЕННОЕ АВТОНОМНОЕ УЧРЕЖДЕНИЕ ЗДРАВООХРАНЕНИЯ СВЕРДЛОВСКОЙ ОБЛАСТИ ""ДЕТСКАЯ ГОРОДСКАЯ БОЛЬНИЦА ГОРОД ПЕРВОУРАЛЬСК""",https://zakupki.gov.ru/epz/organization/view223/info.html?agencyId=492691,,
"МУНИЦИПАЛЬНОЕ КАЗЕННОЕ УЧРЕЖДЕНИЕ ГОРОДА НОВОСИБИРСКА ""ЦЕНТР МУНИЦИПАЛЬНОГО ИМУЩЕСТВА""",https://zakupki.gov.ru/epz/organization/view/info.html?organizationId=2687001,,
"МУНИЦИПАЛЬНОЕ УНИТАРНОЕ ПРЕДПРИЯТИЕ ""ЕКАТЕРИНБУРГЭНЕРГО""",https://zakupki.gov.ru/epz/organization/view223/info.html?agencyId=6999,,
РЕСПУБЛИКАНСКОЕ ГОСУДАРСТВЕННОЕ БЮДЖЕТНОЕ УЧРЕЖДЕНИЕ ЦЕНТР СПОРТИВНОЙ ПОДГОТОВКИ СБОРНЫХ КОМАНД РЕСПУБЛИКИ ТЫВА,https://zakupki.gov.ru/epz/organization/view/info.html?organizationId=1992718,,
"КРАЕВОЕ ГОСУДАРСТВЕННОЕ БЮДЖЕТНОЕ УЧРЕЖДЕНИЕ ЗДРАВООХРАНЕНИЯ ""ТАЙМЫРСКАЯ МЕЖРАЙОННАЯ БОЛЬНИЦА""",https://zakupki.gov.ru/epz/organization/view/info.html?organizationId=2146474,,
ГОСУДАРСТВЕННОЕ БЮДЖЕТНОЕ УЧРЕЖДЕНИЕ ЗДРАВООХРАНЕНИЯ БЮРО СУДЕБНО-МЕДИЦИНСКОЙ ЭКСПЕРТИЗЫ МИНИСТЕРСТВА ЗДРАВООХРАНЕНИЯ РЕСПУБЛИКИ БАШКОРТОСТАН,https://zakupki.gov.ru/epz/organization/view/info.html?organizationId=718788,,
"ГОСУДАРСТВЕННОЕ БЮДЖЕТНОЕ УЧРЕЖДЕНИЕ ЗДРАВООХРАНЕНИЯ НОВОСИБИРСКОЙ ОБЛАСТИ ""НОВОСИБИРСКИЙ ОБЛАСТНОЙ КЛИНИЧЕСКИЙ НАРКОЛОГИЧЕСКИЙ ДИСПАНСЕР""",https://zakupki.gov.ru/epz/organization/view/info.html?organizationId=759206,,
"ОБЛАСТНОЕ КАЗЕННОЕ УЧРЕЖДЕНИЕ ""УПРАВЛЕНИЕ КАПИТАЛЬНОГО СТРОИТЕЛЬСТВА ЛИПЕЦКОЙ ОБЛАСТИ""",https://zakupki.gov.ru/epz/organization/view/info.html?organizationId=683437,,
"ФЕДЕРАЛЬНОЕ ГОСУДАРСТВЕННОЕ БЮДЖЕТНОЕ ОБРАЗОВАТЕЛЬНОЕ УЧРЕЖДЕНИЕ ВЫСШЕГО ОБРАЗОВАНИЯ ""РЯЗАНСКИЙ ГОСУДАРСТВЕННЫЙ УНИВЕРСИТЕТ ИМЕНИ С.А. ЕСЕНИНА""",https://zakupki.gov.ru/epz/organization/view/info.html?organizationId=632429,,
"МУНИЦИПАЛЬНОЕ АВТОНОМНОЕ ДОШКОЛЬНОЕ ОБРАЗОВАТЕЛЬНОЕ УЧРЕЖДЕНИЕ ""ДЕТСКИЙ САД № 355 Г.ЧЕЛЯБИНСКА""",https://zakupki.gov.ru/epz/organization/view223/info.html?agencyId=60450,,
"ГОСУДАРСТВЕННОЕ КАЗЕННОЕ УЧРЕЖДЕНИЕ ВОЛГОГРАДСКОЙ ОБЛАСТИ ""ЦЕНТР ОРГАНИЗАЦИИ ЗАКУПОК""",https://zakupki.gov.ru/epz/organization/view/info.html?reestrNumber=1629617,,
"ГОСУДАРСТВЕННОЕ БЮДЖЕТНОЕ УЧРЕЖДЕНИЕ ЗДРАВООХРАНЕНИЯ ""КАМЧАТСКАЯ КРАЕВАЯ БОЛЬНИЦА ИМ. А.С. ЛУКАШЕВСКОГО""",https://zakupki.gov.ru/epz/organization/view/info.html?organizationId=803457,,
АДМИНИСТРАЦИЯ ЛИСИНСКОГО СЕЛЬСКОГО ПОСЕЛЕНИЯ ТОСНЕНСКОГО МУНИЦИПАЛЬНОГО РАЙОНА ЛЕНИНГРАДСКОЙ ОБЛАСТИ,https://zakupki.gov.ru/epz/organization/view/info.html?organizationId=629782,,
АДМИНИСТРАЦИЯ МУНИЦИПАЛЬНОГО ОБРАЗОВАНИЯ ИВАНГОРОДСКОЕ ГОРОДСКОЕ ПОСЕЛЕНИЕ КИНГИСЕППСКОГО МУНИЦИПАЛЬНОГО РАЙОНА ЛЕНИНГРАДСКОЙ ОБЛАСТИ,https://zakupki.gov.ru/epz/organization/view/info.html?organizationId=814249,,
"ГОСУДАРСТВЕННОЕ УЧРЕЖДЕНИЕ ЗДРАВООХРАНЕНИЯ ""ГОРОДСКАЯ ПОЛИКЛИНИКА № 4""",https://zakupki.gov.ru/epz/organization/view/info.html?organizationId=661148,,
"ВОЛГОГРАДСКИЙ ТЕХНИКУМ ЖЕЛЕЗНОДОРОЖНОГО ТРАНСПОРТА - ФИЛИАЛ ФЕДЕРАЛЬНОГО ГОСУДАРСТВЕННОГО БЮДЖЕТНОГО ОБРАЗОВАТЕЛЬНОГО УЧРЕЖДЕНИЯ ВЫСШЕГО ОБРАЗОВАНИЯ ""РОСТОВСКИЙ ГОСУДАРСТВЕННЫЙ УНИВЕРСИТЕТ ПУТЕЙ СООБЩЕНИЯ""",https://zakupki.gov.ru/epz/organization/view/info.html?organizationId=700136,,
"ГОСУДАРСТВЕННОЕ КАЗЕННОЕ УЧРЕЖДЕНИЕ ЗДРАВООХРАНЕНИЯ ПСКОВСКОЙ ОБЛАСТИ ""УПРАВЛЕНИЕ ЛЕКАРСТВЕННОГО И МЕДИЦИНСКОГО ОБЕСПЕЧЕНИЯ""",https://zakupki.gov.ru/epz/organization/view/info.html?organizationId=2537174,,
"ОБЩЕСТВО С ОГРАНИЧЕННОЙ ОТВЕТСТВЕННОСТЬЮ ""ЭНЕРГОТЕХНОЛОГИИ""",https://zakupki.gov.ru/epz/organization/view223/info.html?agencyId=755412,,
КОМИТЕТ РЕСПУБЛИКИ АДЫГЕЯ ПО РЕГУЛИРОВАНИЮ КОНТРАКТНОЙ СИСТЕМЫ В СФЕРЕ ЗАКУПОК,https://zakupki.gov.ru/epz/organization/view/info.html?reestrNumber=2089066,,
"ГОСУДАРСТВЕННОЕ БЮДЖЕТНОЕ УЧРЕЖДЕНИЕ ЗДРАВООХРАНЕНИЯ МОСКОВСКОЙ ОБЛАСТИ ""ВОЛОКОЛАМСКАЯ  БОЛЬНИЦА""",https://zakupki.gov.ru/epz/organization/view/info.html?organizationId=707805,,
"ГОСУДАРСТВЕННОЕ УЧРЕЖДЕНИЕ ЗДРАВООХРАНЕНИЯ ""САРАТОВСКАЯ ГОРОДСКАЯ ПОЛИКЛИНИКА № 9""",https://zakupki.gov.ru/epz/organization/view/info.html?organizationId=803044,,
"МУНИЦИПАЛЬНОЕ КАЗЕННОЕ УЧРЕЖДЕНИЕ ""ЦЕНТР ЗАКУПОК"" РАМЕНСКОГО МУНИЦИПАЛЬНОГО ОКРУГА МОСКОВСКОЙ ОБЛАСТИ",https://zakupki.gov.ru/epz/organization/view/info.html?reestrNumber=2153087,,
"ГОСУДАРСТВЕННОЕ БЮДЖЕТНОЕ УЧРЕЖДЕНИЕ ЗДРАВООХРАНЕНИЯ САМАРСКОЙ ОБЛАСТИ ""САМАРСКАЯ ГОРОДСКАЯ КЛИНИЧЕСКАЯ БОЛЬНИЦА № 1 ИМЕНИ Н.И.ПИРОГОВА""",https://zakupki.gov.ru/epz/organization/view/info.html?organizationId=746393,,
"ГОСУДАРСТВЕННОЕ БЮДЖЕТНОЕ УЧРЕЖДЕНИЕ ЗДРАВООХРАНЕНИЯ РЕСПУБЛИКИ АДЫГЕЯ ""АДЫГЕЙСКАЯ РЕСПУБЛИКАНСКАЯ КЛИНИЧЕСКАЯ ИНФЕКЦИОННАЯ БОЛЬНИЦА""",https://zakupki.gov.ru/epz/organization/view/info.html?organizationId=1736665,,
МЕСТНАЯ АДМИНИСТРАЦИЯ ВНУТРИГОРОДСКОГО МУНИЦИПАЛЬНОГО ОБРАЗОВАНИЯ ГОРОДА ФЕДЕРАЛЬНОГО ЗНАЧЕНИЯ САНКТ-ПЕТЕРБУРГА МУНИЦИПАЛЬНЫЙ ОКРУГ КУПЧИНО,https://zakupki.gov.ru/epz/organization/view/info.html?organizationId=620265,,
"ГОСУДАРСТВЕННОЕ КАЗЕННОЕ УЧРЕЖДЕНИЕ ""ЦЕНТР ЗАКУПОК И БУХГАЛТЕРСКОГО УЧЕТА КУРГАНСКОЙ ОБЛАСТИ""",https://zakupki.gov.ru/epz/organization/view/info.html?reestrNumber=2202027,,
"МУНИЦИПАЛЬНОЕ АВТОНОМНОЕ УЧРЕЖДЕНИЕ ДОПОЛНИТЕЛЬНОГО ОБРАЗОВАНИЯ  ""СПОРТИВНАЯ ШКОЛА""",https://zakupki.gov.ru/epz/organization/view223/info.html?agencyId=98133,,
"ГОСУДАРСТВЕННОЕ АВТОНОМНОЕ УЧРЕЖДЕНИЕ ЗДРАВООХРАНЕНИЯ СВЕРДЛОВСКОЙ ОБЛАСТИ ""АРАМИЛЬСКАЯ ГОРОДСКАЯ БОЛЬНИЦА""",https://zakupki.gov.ru/epz/organization/view223/info.html?agencyId=549345,,
"ФЕДЕРАЛЬНОЕ ГОСУДАРСТВЕННОЕ БЮДЖЕТНОЕ УЧРЕЖДЕНИЕ ""СРЕДНЕРУССКОЕ УПРАВЛЕНИЕ МЕЛИОРАЦИИ ЗЕМЕЛЬ И СЕЛЬСКОХОЗЯЙСТВЕННОГО ВОДОСНАБЖЕНИЯ""",https://zakupki.gov.ru/epz/organization/view/info.html?organizationId=710058,,
РОЩИНСКИЙ ТЕРРИТОРИАЛЬНЫЙ ОТДЕЛ АДМИНИСТРАЦИИ КРАСНОАРМЕЙСКОГО МУНИЦИПАЛЬНОГО ОКРУГА ПРИМОРСКОГО КРАЯ,https://zakupki.gov.ru/epz/organization/view/info.html?organizationId=2591960,,
"ГОСУДАРСТВЕННОЕ БЮДЖЕТНОЕ УЧРЕЖДЕНИЕ ЗДРАВООХРАНЕНИЯ ""ОБЛАСТНАЯ СТОМАТОЛОГИЧЕСКАЯ ПОЛИКЛИНИКА""",https://zakupki.gov.ru/epz/organization/view/info.html?organizationId=618415,,
"ГОСУДАРСТВЕННОЕ БЮДЖЕТНОЕ УЧРЕЖДЕНИЕ СОЦИАЛЬНОГО ОБСЛУЖИВАНИЯ НАСЕЛЕНИЯ РОСТОВСКОЙ ОБЛАСТИ ""СОЦИАЛЬНЫЙ ПРИЮТ ДЛЯ ДЕТЕЙ И ПОДРОСТКОВ Г. ТАГАНРОГА""",https://zakupki.gov.ru/epz/organization/view/info.html?organizationId=713034,,
"ОБЛАСТНОЕ ГОСУДАРСТВЕННОЕ КАЗЕННОЕ УЧРЕЖДЕНИЕ СОЦИАЛЬНОГО ОБСЛУЖИВАНИЯ ""СОЦИАЛЬНО-РЕАБИЛИТАЦИОННЫЙ ЦЕНТР ДЛЯ НЕСОВЕРШЕННОЛЕТНИХ ""МАЛЮТКА"" Г. ИРКУТСКА""",https://zakupki.gov.ru/epz/organization/view/info.html?organizationId=710881,,
"ФЕДЕРАЛЬНОЕ ГОСУДАРСТВЕННОЕ БЮДЖЕТНОЕ УЧРЕЖДЕНИЕ ""НОВОКУЗНЕЦКИЙ НАУЧНО-ПРАКТИЧЕСКИЙ ЦЕНТР МЕДИКО-СОЦИАЛЬНОЙ ЭКСПЕРТИЗЫ И РЕАБИЛИТАЦИИ ИНВАЛИДОВ"" МИНИСТЕРСТВА ТРУДА И СОЦИАЛЬНОЙ ЗАЩИТЫ РОССИЙСКОЙ ФЕДЕРАЦИИ",https://zakupki.gov.ru/epz/organization/view/info.html?organizationId=612362,,
"МУНИЦИПАЛЬНОЕ БЮДЖЕТНОЕ УЧРЕЖДЕНИЕ ""МОЛОДЕЖНЫЙ ЦЕНТР БАМ"" УСТЬ-КУТСКОГО МУНИЦИПАЛЬНОГО ОБРАЗОВАНИЯ",https://zakupki.gov.ru/epz/organization/view/info.html?organizationId=2687019,,
АДМИНИСТРАЦИЯ КРАСНОГВАРДЕЙСКОГО РАЙОНА САНКТ-ПЕТЕРБУРГА,https://zakupki.gov.ru/epz/organization/view/info.html?reestrNumber=787387,,
"ФЕДЕРАЛЬНОЕ ГОСУДАРСТВЕННОЕ БЮДЖЕТНОЕ УЧРЕЖДЕНИЕ ""РОССИЙСКИЙ НАУЧНЫЙ ЦЕНТР РЕНТГЕНОРАДИОЛОГИИ"" МИНИСТЕРСТВА ЗДРАВООХРАНЕНИЯ РОССИЙСКОЙ ФЕДЕРАЦИИ",https://zakupki.gov.ru/epz/organization/view/info.html?organizationId=645989,,
АДМИНИСТРАЦИЯ КОЛПАШЕВСКОГО ГОРОДСКОГО ПОСЕЛЕНИЯ,https://zakupki.gov.ru/epz/organization/view/info.html?organizationId=623718,,
"ГОСУДАРСТВЕННОЕ БЮДЖЕТНОЕ УЧРЕЖДЕНИЕ ЗДРАВООХРАНЕНИЯ ""РЕСПУБЛИКАНСКИЙ КЛИНИЧЕСКИЙ ЦЕНТР ПСИХИАТРИИ И НАРКОЛОГИИ"" МИНИСТЕРСТВА ЗДРАВООХРАНЕНИЯ КАБАРДИНО-БАЛКАРСКОЙ РЕСПУБЛИКИ",https://zakupki.gov.ru/epz/organization/view/info.html?organizationId=679658,,
"ФЕДЕРАЛЬНОЕ ГОСУДАРСТВЕННОЕ БЮДЖЕТНОЕ ОБРАЗОВАТЕЛЬНОЕ УЧРЕЖДЕНИЕ ВЫСШЕГО ОБРАЗОВАНИЯ ""ВЯТСКИЙ ГОСУДАРСТВЕННЫЙ УНИВЕРСИТЕТ""",https://zakupki.gov.ru/epz/organization/view/info.html?organizationId=614162,,
"МУНИЦИПАЛЬНОЕ КАЗЕННОЕ УЧРЕЖДЕНИЕ ""ЦЕНТР ГРАЖДАНСКОЙ ОБОРОНЫ И ЧРЕЗВЫЧАЙНЫХ СИТУАЦИЙ МУНИЦИПАЛЬНОГО ОКРУГА СУХОЙ ЛОГ""",https://zakupki.gov.ru/epz/organization/view/info.html?organizationId=2532793,,
"ГОСУДАРСТВЕННОЕ КАЗЕННОЕ УЧРЕЖДЕНИЕ ЗДРАВООХРАНЕНИЯ ""АГЕНТСТВО ПО ЗАКУПКАМ В СФЕРЕ ЗДРАВООХРАНЕНИЯ""",https://zakupki.gov.ru/epz/organization/view/info.html?reestrNumber=2201363,,
"ГОСУДАРСТВЕННОЕ АВТОНОМНОЕ УЧРЕЖДЕНИЕ ЗДРАВООХРАНЕНИЯ ГОРОДА МОСКВЫ ""СТОМАТОЛОГИЧЕСКАЯ ПОЛИКЛИНИКА № 48 ДЕПАРТАМЕНТА ЗДРАВООХРАНЕНИЯ ГОРОДА МОСКВЫ""",https://zakupki.gov.ru/epz/organization/view/info.html?organizationId=1422883,,
"ОБЛАСТНОЕ ГОСУДАРСТВЕННОЕ АВТОНОМНОЕ УЧРЕЖДЕНИЕ ЗДРАВООХРАНЕНИЯ ""СМОЛЕНСКИЙ ОБЛАСТНОЙ МЕДИЦИНСКИЙ ЦЕНТР""",https://zakupki.gov.ru/epz/organization/view223/info.html?agencyId=8746,,
"МУНИЦИПАЛЬНОЕ АВТОНОМНОЕ УЧРЕЖДЕНИЕ ГОРОДА НОВОСИБИРСКА ""СОЦИАЛЬНО-ОЗДОРОВИТЕЛЬНЫЙ ЦЕНТР ""ТЕРРИТОРИЯ РАЗВИТИЯ""",https://zakupki.gov.ru/epz/organization/view223/info.html?agencyId=143596,,
"ГОСУДАРСТВЕННОЕ БЮДЖЕТНОЕ УЧРЕЖДЕНИЕ ""КУРГАНСКАЯ ОБЛАСТНАЯ ДЕТСКАЯ КЛИНИЧЕСКАЯ БОЛЬНИЦА ИМЕНИ КРАСНОГО КРЕСТА""",https://zakupki.gov.ru/epz/organization/view/info.html?organizationId=756360,,
МУНИЦИПАЛЬНОЕ БЮДЖЕТНОЕ УЧРЕЖДЕНИЕ ПАРК КУЛЬТУРЫ И ОТДЫХА  1 МАЯ,https://zakupki.gov.ru/epz/organization/view/info.html?organizationId=740522,,
"ОБЩЕСТВО С ОГРАНИЧЕННОЙ ОТВЕТСТВЕННОСТЬЮ ""ТРУДАРЕНДА""",https://zakupki.gov.ru/epz/organization/view223/info.html?agencyId=593483,,
"ГОСУДАРСТВЕННОЕ КАЗЕННОЕ ОБЩЕОБРАЗОВАТЕЛЬНОЕ УЧРЕЖДЕНИЕ СВЕРДЛОВСКОЙ ОБЛАСТИ ""СПЕЦИАЛЬНОЕ УЧЕБНО-ВОСПИТАТЕЛЬНОЕ УЧРЕЖДЕНИЕ ЗАКРЫТОГО ТИПА""",https://zakupki.gov.ru/epz/organization/view/info.html?organizationId=711176,,
"АКЦИОНЕРНОЕ ОБЩЕСТВО ""ЛОКОМОТИВ"" СЕВЕРОДВИНСКА",https://zakupki.gov.ru/epz/organization/view223/info.html?agencyId=727134,,
"МУНИЦИПАЛЬНОЕ КАЗЕННОЕ ПРЕДПРИЯТИЕ ""УХТАСПЕЦАВТОДОР"" МУНИЦИПАЛЬНОГО ОКРУГА ""УХТА"" РЕСПУБЛИКИ КОМИ",https://zakupki.gov.ru/epz/organization/view/info.html?organizationId=1675646,,
"ГОСУДАРСТВЕННОЕ БЮДЖЕТНОЕ УЧРЕЖДЕНИЕ ЗДРАВООХРАНЕНИЯ ""СТОМАТОЛОГИЧЕСКАЯ ПОЛИКЛИНИКА Г. КОПЕЙСК""",https://zakupki.gov.ru/epz/organization/view/info.html?organizationId=758382,,
"ГОСУДАРСТВЕННОЕ ПРЕДПРИЯТИЕ ЧУКОТСКОГО АВТОНОМНОГО ОКРУГА ""ЧУКОТКОММУНХОЗ""",https://zakupki.gov.ru/epz/organization/view223/info.html?agencyId=16933,,
"САНКТ-ПЕТЕРБУРГСКОЕ ГОСУДАРСТВЕННОЕ БЮДЖЕТНОЕ УЧРЕЖДЕНИЕ КУЛЬТУРЫ ""ПЕТЕРБУРГ-КОНЦЕРТ""",https://zakupki.gov.ru/epz/organization/view/info.html?organizationId=744300,,
ФЕДЕРАЛЬНОЕ ГОСУДАРСТВЕННОЕ БЮДЖЕТНОЕ УЧРЕЖДЕНИЕ НАУКИ НАУЧНО-ТЕХНОЛОГИЧЕСКИЙ ЦЕНТР УНИКАЛЬНОГО ПРИБОРОСТРОЕНИЯ РОССИЙСКОЙ АКАДЕМИИ НАУК,https://zakupki.gov.ru/epz/organization/view223/info.html?agencyId=163615,,
"ГОСУДАРСТВЕННОЕ АВТОНОМНОЕ УЧРЕЖДЕНИЕ ЗДРАВООХРАНЕНИЯ СВЕРДЛОВСКОЙ ОБЛАСТИ ""СЕВЕРОУРАЛЬСКАЯ ЦЕНТРАЛЬНАЯ ГОРОДСКАЯ БОЛЬНИЦА""",https://zakupki.gov.ru/epz/organization/view223/info.html?agencyId=90398,,
АДМИНИСТРАЦИЯ ОНЕЖСКОГО МУНИЦИПАЛЬНОГО ОКРУГА АРХАНГЕЛЬСКОЙ ОБЛАСТИ,https://zakupki.gov.ru/epz/organization/view/info.html?reestrNumber=689430,,
"БЮДЖЕТНОЕ УЧРЕЖДЕНИЕ ХАНТЫ-МАНСИЙСКОГО АВТОНОМНОГО ОКРУГА - ЮГРЫ ""СУРГУТСКАЯ ГОРОДСКАЯ КЛИНИЧЕСКАЯ ПОЛИКЛИНИКА № 1""",https://zakupki.gov.ru/epz/organization/view/info.html?organizationId=2061261,,
"ГОСУДАРСТВЕННОЕ АВТОНОМНОЕ УЧРЕЖДЕНИЕ ЗДРАВООХРАНЕНИЯ СВЕРДЛОВСКОЙ ОБЛАСТИ ""БЕРЕЗОВСКАЯ ЦЕНТРАЛЬНАЯ ГОРОДСКАЯ БОЛЬНИЦА""",https://zakupki.gov.ru/epz/organization/view223/info.html?agencyId=102109,,
"РЕСПУБЛИКАНСКОЕ ГОСУДАРСТВЕННОЕ БЮДЖЕТНОЕ УЧРЕЖДЕНИЕ ЗДРАВООХРАНЕНИЯ ""ХАБЕЗСКАЯ ЦЕНТРАЛЬНАЯ РАЙОННАЯ БОЛЬНИЦА""",https://zakupki.gov.ru/epz/organization/view/info.html?organizationId=2187796,,
ГОСУДАРСТВЕННОЕ УНИТАРНОЕ ПРЕДПРИЯТИЕ РЕСПУБЛИКИ АДЫГЕЯ АПТЕЧНАЯ БАЗА,https://zakupki.gov.ru/epz/organization/view223/info.html?agencyId=1767,,
"МУНИЦИПАЛЬНОЕ ОБЩЕОБРАЗОВАТЕЛЬНОЕ АВТОНОМНОЕ УЧРЕЖДЕНИЕ ""СРЕДНЯЯ ОБЩЕОБРАЗОВАТЕЛЬНАЯ ШКОЛА №76""",https://zakupki.gov.ru/epz/organization/view223/info.html?agencyId=491834,,
"АКЦИОНЕРНОЕ ОБЩЕСТВО ""АПАТИТСКАЯ ЭЛЕКТРОСЕТЕВАЯ КОМПАНИЯ""",https://zakupki.gov.ru/epz/organization/view223/info.html?agencyId=754558,,
УПРАВЛЕНИЕ СУДЕБНОГО ДЕПАРТАМЕНТА В МОСКОВСКОЙ ОБЛАСТИ,https://zakupki.gov.ru/epz/organization/view/info.html?organizationId=784499,,
"КРАЕВОЕ ГОСУДАРСТВЕННОЕ БЮДЖЕТНОЕ УЧРЕЖДЕНИЕ ЗДРАВООХРАНЕНИЯ ""ГОРОДСКАЯ БОЛЬНИЦА № 7"" МИНИСТЕРСТВА ЗДРАВООХРАНЕНИЯ ХАБАРОВСКОГО КРАЯ",https://zakupki.gov.ru/epz/organization/view/info.html?organizationId=764000,,
"ГОСУДАРСТВЕННОЕ УЧРЕЖДЕНИЕ ЗДРАВООХРАНЕНИЯ ""ЕЛЕЦКАЯ ГОРОДСКАЯ КЛИНИЧЕСКАЯ БОЛЬНИЦА  ИМ. Н. А. СЕМАШКО""",https://zakupki.gov.ru/epz/organization/view/info.html?organizationId=616177,,
"НЕПУБЛИЧНОЕ АКЦИОНЕРНОЕ ОБЩЕСТВО ""КРАСНОДАРДОРНЕРУД",https://zakupki.gov.ru/epz/organization/view/info.html?organizationId=1361701,,
"ФЕДЕРАЛЬНОЕ КАЗЕННОЕ УЧРЕЖДЕНИЕ ""КОЛОНИЯ-ПОСЕЛЕНИЕ № 8 УПРАВЛЕНИЯ ФЕДЕРАЛЬНОЙ СЛУЖБЫ ИСПОЛНЕНИЯ НАКАЗАНИЙ ПО РЕСПУБЛИКЕ БАШКОРТОСТАН""",https://zakupki.gov.ru/epz/organization/view/info.html?organizationId=629130,,
"МУНИЦИПАЛЬНОЕ КАЗЕННОЕ УЧРЕЖДЕНИЕ ""АДМИНИСТРАТИВНО-ХОЗЯЙСТВЕННАЯ СЛУЖБА""",https://zakupki.gov.ru/epz/organization/view/info.html?organizationId=1392886,,
ГОСУДАРСТВЕННОЕ БЮДЖЕТНОЕ УЧРЕЖДЕНИЕ ЗДРАВООХРАНЕНИЯ РЕСПУБЛИКАНСКИЙ КЛИНИЧЕСКИЙ НАРКОЛОГИЧЕСКИЙ ДИСПАНСЕР МИНИСТЕРСТВА ЗДРАВООХРАНЕНИЯ РЕСПУБЛИКИ БАШКОРТОСТАН,https://zakupki.gov.ru/epz/organization/view/info.html?organizationId=777341,,
"ОБЩЕСТВО С ОГРАНИЧЕННОЙ ОТВЕТСТВЕННОСТЬЮ ""РКС-ХОЛДИНГ""",https://zakupki.gov.ru/epz/organization/view223/info.html?agencyId=552231,,
ДЕПАРТАМЕНТ ГОСУДАРСТВЕННОГО ЗАКАЗА ЯМАЛО-НЕНЕЦКОГО АВТОНОМНОГО ОКРУГА,https://zakupki.gov.ru/epz/organization/view/info.html?reestrNumber=711308,,
"ГОСУДАРСТВЕННОЕ БЮДЖЕТНОЕ УЧРЕЖДЕНИЕ ЗДРАВООХРАНЕНИЯ МОСКОВСКОЙ ОБЛАСТИ ""ДОМОДЕДОВСКАЯ БОЛЬНИЦА""",https://zakupki.gov.ru/epz/organization/view/info.html?organizationId=667419,,
СОЧИНСКАЯ ТАМОЖНЯ,https://zakupki.gov.ru/epz/organization/view/info.html?organizationId=7057982,,
"ГОСУДАРСТВЕННОЕ БЮДЖЕТНОЕ УЧРЕЖДЕНИЕ РЕСПУБЛИКИ КРЫМ ""ЦЕНТР СПОРТИВНОЙ МЕДИЦИНЫ""",https://zakupki.gov.ru/epz/organization/view/info.html?organizationId=2145042,,
ГОСУДАРСТВЕННОЕ БЮДЖЕТНОЕ УЧРЕЖДЕНИЕ ЗДРАВООХРАНЕНИЯ РЕСПУБЛИКАНСКИЙ КЛИНИЧЕСКИЙ НАРКОЛОГИЧЕСКИЙ ДИСПАНСЕР МИНИСТЕРСТВА ЗДРАВООХРАНЕНИЯ РЕСПУБЛИКИ БАШКОРТОСТАН,https://zakupki.gov.ru/epz/organization/view/info.html?reestrNumber=777341,,
ГОСУДАРСТВЕННОЕ БЮДЖЕТНОЕ УЧРЕЖДЕНИЕ ЗДРАВООХРАНЕНИЯ РЕСПУБЛИКИ БАШКОРТОСТАН ГОРОДСКАЯ КЛИНИЧЕСКАЯ БОЛЬНИЦА ДЕМСКОГО РАЙОНА ГОРОДА УФЫ,https://zakupki.gov.ru/epz/organization/view/info.html?organizationId=665713,,
"ГОСУДАРСТВЕННОЕ БЮДЖЕТНОЕ УЧРЕЖДЕНИЕ ЗДРАВООХРАНЕНИЯ СТАВРОПОЛЬСКОГО КРАЯ ""КРАЕВОЙ СПЕЦИАЛИЗИРОВАННЫЙ ЦЕНТР ПАТОЛОГИИ РЕЧИ И НЕЙРОРЕАБИЛИТАЦИИ ДЛЯ ДЕТЕЙ""",https://zakupki.gov.ru/epz/organization/view/info.html?organizationId=1159119,,
ФЕДЕРАЛЬНОЕ ГОСУДАРСТВЕННОЕ БЮДЖЕТНОЕ УЧРЕЖДЕНИЕ НАУКИ ИНСТИТУТ ВЫСОКОТЕМПЕРАТУРНОЙ ЭЛЕКТРОХИМИИ УРАЛЬСКОГО ОТДЕЛЕНИЯ РОССИЙСКОЙ АКАДЕМИИ НАУК,https://zakupki.gov.ru/epz/organization/view223/info.html?agencyId=58579,,
"МУНИЦИПАЛЬНОЕ БЮДЖЕТНОЕ УЧРЕЖДЕНИЕ ДОПОЛНИТЕЛЬНОГО ОБРАЗОВАНИЯ ""КУДЫМКАРСКАЯ ДЕТСКАЯ ШКОЛА ИСКУССТВ ИМЕНИ А.И. КЛЕЩИНА""",https://zakupki.gov.ru/epz/organization/view/info.html?organizationId=728719,,
АДМИНИСТРАЦИЯ СРЕДНЕКАНСКОГО МУНИЦИПАЛЬНОГО ОКРУГА МАГАДАНСКОЙ ОБЛАСТИ,https://zakupki.gov.ru/epz/organization/view/info.html?organizationId=699684,,
"ОБЛАСТНОЕ ГОСУДАРСТВЕННОЕ УНИТАРНОЕ ПРЕДПРИЯТИЕ ""КАНАЛИЗАЦИОННЫЕ ОЧИСТНЫЕ СООРУЖЕНИЯ ЛЕВОГО БЕРЕГА"" ГОРОДА ИРКУТСКА",https://zakupki.gov.ru/epz/organization/view223/info.html?agencyId=756318,,
"МУНИЦИПАЛЬНОЕ БЮДЖЕТНОЕ ОБЩЕОБРАЗОВАТЕЛЬНОЕ УЧРЕЖДЕНИЕ ""НИЖНЕСОРТЫМСКАЯ СРЕДНЯЯ ОБЩЕОБРАЗОВАТЕЛЬНАЯ ШКОЛА""",https://zakupki.gov.ru/epz/organization/view/info.html?organizationId=748640,,
УПРАВЛЕНИЕ СУДЕБНОГО ДЕПАРТАМЕНТА В САХАЛИНСКОЙ ОБЛАСТИ,https://zakupki.gov.ru/epz/organization/view/info.html?organizationId=697870,,
"АКЦИОНЕРНОЕ ОБЩЕСТВО ""ЭЛЕКТРОСЕТИ КУБАНИ""",https://zakupki.gov.ru/epz/organization/view223/info.html?agencyId=11754,,
"ГОСУДАРСТВЕННОЕ БЮДЖЕТНОЕ УЧРЕЖДЕНИЕ ЗДРАВООХРАНЕНИЯ РЕСПУБЛИКИ АДЫГЕЯ ""ТАХТАМУКАЙСКАЯ  ЦЕНТРАЛЬНАЯ РАЙОННАЯ БОЛЬНИЦА""",https://zakupki.gov.ru/epz/organization/view/info.html?organizationId=796678,,
"ГОСУДАРСТВЕННОЕ БЮДЖЕТНОЕ УЧРЕЖДЕНИЕ ЗДРАВООХРАНЕНИЯ ГОРОДА МОСКВЫ ""ДЕТСКИЙ БРОНХОЛЕГОЧНЫЙ САНАТОРИЙ № 15 ДЕПАРТАМЕНТА ЗДРАВООХРАНЕНИЯ ГОРОДА МОСКВЫ""",https://zakupki.gov.ru/epz/organization/view/info.html?organizationId=1416143,,
"ГОСУДАРСТВЕННОЕ БЮДЖЕТНОЕ ПРОФЕССИОНАЛЬНОЕ ОБРАЗОВАТЕЛЬНОЕ УЧРЕЖДЕНИЕ ""ЧЕЛЯБИНСКИЙ КОЛЛЕДЖ ИНДУСТРИАЛЬНЫХ ТЕХНОЛОГИЙ ""ПРОФИ"" ИМЕНИ Я.П. ОСАДЧЕГО""",https://zakupki.gov.ru/epz/organization/view/info.html?organizationId=718313,,
"ПУБЛИЧНОЕ АКЦИОНЕРНОЕ ОБЩЕСТВО ""ТАТТЕЛЕКОМ""",https://zakupki.gov.ru/epz/organization/view223/info.html?agencyId=9459,,
"ФЕДЕРАЛЬНОЕ КАЗЕННОЕ УЧРЕЖДЕНИЕ ""СЛЕДСТВЕННЫЙ ИЗОЛЯТОР № 3 ГЛАВНОГО УПРАВЛЕНИЯ ФЕДЕРАЛЬНОЙ СЛУЖБЫ ИСПОЛНЕНИЯ НАКАЗАНИЙ ПО ИРКУТСКОЙ ОБЛАСТИ""",https://zakupki.gov.ru/epz/organization/view/info.html?organizationId=621508,,
"БЮДЖЕТНОЕ УЧРЕЖДЕНИЕ ЗДРАВООХРАНЕНИЯ ОРЛОВСКОЙ ОБЛАСТИ ""НАУЧНО-КЛИНИЧЕСКИЙ МНОГОПРОФИЛЬНЫЙ ЦЕНТР МЕДИЦИНСКОЙ ПОМОЩИ МАТЕРЯМ И ДЕТЯМ ИМЕНИ З. И. КРУГЛОЙ""",https://zakupki.gov.ru/epz/organization/view/info.html?organizationId=627092,,
ГОСУДАРСТВЕННЫЙ СОВЕТ-ХАСЭ РЕСПУБЛИКИ АДЫГЕЯ,https://zakupki.gov.ru/epz/organization/view/info.html?organizationId=659611,,
Тестовая организация Авто-21,https://zakupki.gov.ru/epz/organization/view/info.html?organizationId=2285771,,
"ГОСУДАРСТВЕННОЕ БЮДЖЕТНОЕ УЧРЕЖДЕНИЕ ЗДРАВООХРАНЕНИЯ РЕСПУБЛИКИ ТЫВА ""ДЗУН-ХЕМЧИКСКИЙ МЕЖКОЖУУННЫЙ МЕДИЦИНСКИЙ ЦЕНТР""",https://zakupki.gov.ru/epz/organization/view/info.html?organizationId=772166,,
"ФЕДЕРАЛЬНОЕ ГОСУДАРСТВЕННОЕ УНИТАРНОЕ ПРЕДПРИЯТИЕ ""САНКТ-ПЕТЕРБУРГСКИЙ НАУЧНО-ИССЛЕДОВАТЕЛЬСКИЙ ИНСТИТУТ ВАКЦИН И СЫВОРОТОК И ПРЕДПРИЯТИЕ ПО ПРОИЗВОДСТВУ БАКТЕРИЙНЫХ ПРЕПАРАТОВ"" ФЕДЕРАЛЬНОГО МЕДИКО-БИОЛОГИЧЕСКОГО АГЕНТСТВА",https://zakupki.gov.ru/epz/organization/view223/info.html?agencyId=17390,,
"МУНИЦИПАЛЬНОЕ АВТОНОМНОЕ УЧРЕЖДЕНИЕ МОЛОДЕЖНОЙ ПОЛИТИКИ МОЛОДЕЖНЫЙ ЦЕНТР ""ШКОЛА ЯМОЛОД. НОВЫЙ УРЕНГОЙ""",https://zakupki.gov.ru/epz/organization/view223/info.html?agencyId=54606,,
"ГОСУДАРСТВЕННОЕ БЮДЖЕТНОЕ УЧРЕЖДЕНИЕ ГОРОДА МОСКВЫ ""АВТОМОБИЛЬНЫЕ ДОРОГИ ЮГО-ЗАПАДНОГО АДМИНИСТРАТИВНОГО ОКРУГА""",https://zakupki.gov.ru/epz/organization/view/info.html?organizationId=1444126,,
"РЕСПУБЛИКАНСКОЕ ГОСУДАРСТВЕННОЕ БЮДЖЕТНОЕ УЧРЕЖДЕНИЕ ЗДРАВООХРАНЕНИЯ ""ЗЕЛЕНЧУКСКАЯ ЦЕНТРАЛЬНАЯ РАЙОННАЯ БОЛЬНИЦА""",https://zakupki.gov.ru/epz/organization/view/info.html?organizationId=724484,,
"ГОСУДАРСТВЕННОЕ БЮДЖЕТНОЕ УЧРЕЖДЕНИЕ ЗДРАВООХРАНЕНИЯ СВЕРДЛОВСКОЙ ОБЛАСТИ  ""АЧИТСКАЯ ЦЕНТРАЛЬНАЯ РАЙОННАЯ БОЛЬНИЦА""",https://zakupki.gov.ru/epz/organization/view/info.html?organizationId=808647,,
"ГОСУДАРСТВЕННОЕ КАЗЕННОЕ УЧРЕЖДЕНИЕ ТУЛЬСКОЙ ОБЛАСТИ ""ЦЕНТР ОРГАНИЗАЦИИ ЗАКУПОК""",https://zakupki.gov.ru/epz/organization/view/info.html?reestrNumber=1796678,,
"САНКТ-ПЕТЕРБУРГСКОЕ ГОСУДАРСТВЕННОЕ БЮДЖЕТНОЕ УЧРЕЖДЕНИЕ ""ОБЪЕДИНЕНИЕ ПОДРОСТКОВО-МОЛОДЕЖНЫХ КЛУБОВ ЦЕНТРАЛЬНОГО РАЙОНА ""ПЕРСПЕКТИВА""",https://zakupki.gov.ru/epz/organization/view/info.html?organizationId=705974,,
"ГОСУДАРСТВЕННОЕ БЮДЖЕТНОЕ УЧРЕЖДЕНИЕ ЗДРАВООХРАНЕНИЯ КАМЧАТСКОГО КРАЯ ""ОЛЮТОРСКАЯ РАЙОННАЯ БОЛЬНИЦА""",https://zakupki.gov.ru/epz/organization/view/info.html?organizationId=808322,,
"ЕНИСЕЙСКОЕ УПРАВЛЕНИЕ ФЕДЕРАЛЬНОЙ СЛУЖБЫ ПО НАДЗОРУ В СФЕРЕ СВЯЗИ, ИНФОРМАЦИОННЫХ ТЕХНОЛОГИЙ И МАССОВЫХ КОММУНИКАЦИЙ",https://zakupki.gov.ru/epz/organization/view/info.html?organizationId=613409,,
"ГОСУДАРСТВЕННОЕ БЮДЖЕТНОЕ УЧРЕЖДЕНИЕ ЗДРАВООХРАНЕНИЯ ""ОБЛАСТНАЯ ДЕТСКАЯ БОЛЬНИЦА""",https://zakupki.gov.ru/epz/organization/view/info.html?organizationId=820106,,
АДМИНИСТРАЦИЯ ГОРОДА ЮЖНО-САХАЛИНСКА,https://zakupki.gov.ru/epz/organization/view/info.html?reestrNumber=636559,,
"ГОСУДАРСТВЕННОЕ БЮДЖЕТНОЕ УЧРЕЖДЕНИЕ ЗДРАВООХРАНЕНИЯ МОСКОВСКОЙ ОБЛАСТИ ""КОТЕЛЬНИКОВСКАЯ ПОЛИКЛИНИКА""",https://zakupki.gov.ru/epz/organization/view/info.html?organizationId=811190,,
"АКЦИОНЕРНОЕ ОБЩЕСТВО ""ОМСКВОДОКАНАЛ""",https://zakupki.gov.ru/epz/organization/view223/info.html?agencyId=1676,,
"ГОСУДАРСТВЕННОЕ БЮДЖЕТНОЕ ПРОФЕССИОНАЛЬНОЕ ОБРАЗОВАТЕЛЬНОЕ УЧРЕЖДЕНИЕ ""ЕЙСКИЙ МЕДИЦИНСКИЙ КОЛЛЕДЖ"" МИНИСТЕРСТВА ЗДРАВООХРАНЕНИЯ КРАСНОДАРСКОГО КРАЯ",https://zakupki.gov.ru/epz/organization/view/info.html?organizationId=745897,,
"АКЦИОНЕРНОЕ ОБЩЕСТВО ""ТВЕРЬГОРЭЛЕКТРО""",https://zakupki.gov.ru/epz/organization/view223/info.html?agencyId=609777,,
"ГОСУДАРСТВЕННОЕ АВТОНОМНОЕ УЧРЕЖДЕНИЕ СВЕРДЛОВСКОЙ ОБЛАСТИ ""ФАРМАЦИЯ""",https://zakupki.gov.ru/epz/organization/view223/info.html?agencyId=518291,,
"МУНИЦИПАЛЬНОЕ БЮДЖЕТНОЕ УЧРЕЖДЕНИЕ ДОПОЛНИТЕЛЬНОГО ОБРАЗОВАНИЯ ГОРОДА УЛЬЯНОВСКА ""ДЕТСКИЙ ОЗДОРОВИТЕЛЬНО-ОБРАЗОВАТЕЛЬНЫЙ ЦЕНТР ""ОГОНЁК""",https://zakupki.gov.ru/epz/organization/view223/info.html?agencyId=319657,,
"МУНИЦИПАЛЬНОЕ АВТОНОМНОЕ ДОШКОЛЬНОЕ ОБРАЗОВАТЕЛЬНОЕ УЧРЕЖДЕНИЕ ДЕТСКИЙ САД №1 ""БЕРЕЗКА""",https://zakupki.gov.ru/epz/organization/view223/info.html?agencyId=115152,,
"КРАЕВОЕ ГОСУДАРСТВЕННОЕ БЮДЖЕТНОЕ УЧРЕЖДЕНИЕ ЗДРАВООХРАНЕНИЯ ""БОГУЧАНСКАЯ РАЙОННАЯ БОЛЬНИЦА""",https://zakupki.gov.ru/epz/organization/view/info.html?organizationId=722639,,
"ГОСУДАРСТВЕННОЕ БЮДЖЕТНОЕ УЧРЕЖДЕНИЕ РЕСПУБЛИКИ ДАГЕСТАН ""РЕСПУБЛИКАНСКИЙ ДИАГНОСТИЧЕСКИЙ ЦЕНТР""",https://zakupki.gov.ru/epz/organization/view/info.html?organizationId=711628,,
"МУНИЦИПАЛЬНОЕ КАЗЁННОЕ УЧРЕЖДЕНИЕ ""ЦЕНТР ОБЕСПЕЧЕНИЯ ДЕЯТЕЛЬНОСТИ УЧРЕЖДЕНИЙ ОБРАЗОВАНИЯ БОГУЧАНСКОГО РАЙОНА""",https://zakupki.gov.ru/epz/organization/view/info.html?reestrNumber=2225611,,
"ФЕДЕРАЛЬНОЕ КАЗЕННОЕ УЧРЕЖДЕНИЕ ""ИСПРАВИТЕЛЬНАЯ КОЛОНИЯ № 7 ГЛАВНОГО УПРАВЛЕНИЯ ФЕДЕРАЛЬНОЙ СЛУЖБЫ ИСПОЛНЕНИЯ НАКАЗАНИЙ ПО ИРКУТСКОЙ ОБЛАСТИ""",https://zakupki.gov.ru/epz/organization/view/info.html?organizationId=642387,,
"ГОСУДАРСТВЕННОЕ БЮДЖЕТНОЕ УЧРЕЖДЕНИЕ ""КУРГАНСКИЙ ОБЛАСТНОЙ ОНКОЛОГИЧЕСКИЙ ДИСПАНСЕР""",https://zakupki.gov.ru/epz/organization/view/info.html?organizationId=621610,,
"ВОСТОЧНАЯ БОЛЬНИЦА ФЕДЕРАЛЬНОГО ГОСУДАРСТВЕННОГО БЮДЖЕТНОГО УЧРЕЖДЕНИЯ ЗДРАВООХРАНЕНИЯ ""ДАЛЬНЕВОСТОЧНЫЙ ОКРУЖНОЙ МЕДИЦИНСКИЙ ЦЕНТР ФЕДЕРАЛЬНОГО МЕДИКО-БИОЛОГИЧЕСКОГО АГЕНТСТВА""",https://zakupki.gov.ru/epz/organization/view/info.html?organizationId=613169,,
ГОСУДАРСТВЕННОЕ БЮДЖЕТНОЕ ДОШКОЛЬНОЕ ОБРАЗОВАТЕЛЬНОЕ УЧРЕЖДЕНИЕ ДЕТСКИЙ САД № 26 КОМПЕНСИРУЮЩЕГО ВИДА КРАСНОСЕЛЬСКОГО РАЙОНА САНКТ-ПЕТЕРБУРГА,https://zakupki.gov.ru/epz/organization/view/info.html?organizationId=788104,,
УПРАВЛЕНИЕ ГОСУДАРСТВЕННЫХ ЗАКУПОК ТЮМЕНСКОЙ ОБЛАСТИ,https://zakupki.gov.ru/epz/organization/view/info.html?reestrNumber=629156,,
"ГОСУДАРСТВЕННОЕ БЮДЖЕТНОЕ ОБЩЕОБРАЗОВАТЕЛЬНОЕ УЧРЕЖДЕНИЕ ГОРОДА МОСКВЫ ""ШКОЛА № 46""",https://zakupki.gov.ru/epz/organization/view/info.html?reestrNumber=2071785,,
ГОСУДАРСТВЕННОЕ БЮДЖЕТНОЕ ДОШКОЛЬНОЕ ОБРАЗОВАТЕЛЬНОЕ УЧРЕЖДЕНИЕ ДЕТСКИЙ САД № 93 КРАСНОСЕЛЬСКОГО РАЙОНА САНКТ-ПЕТЕРБУРГА,https://zakupki.gov.ru/epz/organization/view/info.html?organizationId=2211285,,
"МУНИЦИПАЛЬНОЕ БЮДЖЕТНОЕ ДОШКОЛЬНОЕ ОБРАЗОВАТЕЛЬНОЕ УЧРЕЖДЕНИЕ ""ДЕТСКИЙ САД №30"" ИЗОБИЛЬНЕНСКОГО МУНИЦИПАЛЬНОГО ОКРУГА СТАВРОПОЛЬСКОГО КРАЯ",https://zakupki.gov.ru/epz/organization/view/info.html?organizationId=778961,,
"ФЕДЕРАЛЬНОЕ ГОСУДАРСТВЕННОЕ БЮДЖЕТНОЕ ОБРАЗОВАТЕЛЬНОЕ УЧРЕЖДЕНИЕ ВЫСШЕГО ОБРАЗОВАНИЯ ""ГОСУДАРСТВЕННЫЙ МУЗЫКАЛЬНО-ПЕДАГОГИЧЕСКИЙ ИНСТИТУТ ИМЕНИ М.М. ИППОЛИТОВА-ИВАНОВА""",https://zakupki.gov.ru/epz/organization/view/info.html?organizationId=762550,,
"ОБЩЕСТВО С ОГРАНИЧЕННОЙ ОТВЕТСТВЕННОСТЬЮ ""АРКТИК АТОМ-СЕРВИС""",https://zakupki.gov.ru/epz/organization/view223/info.html?agencyId=618991,,
"ГОСУДАРСТВЕННОЕ БЮДЖЕТНОЕ УЧРЕЖДЕНИЕ ЗДРАВООХРАНЕНИЯ САХАЛИНСКОЙ ОБЛАСТИ ""УГЛЕГОРСКАЯ ЦЕНТРАЛЬНАЯ РАЙОННАЯ БОЛЬНИЦА""",https://zakupki.gov.ru/epz/organization/view/info.html?organizationId=799600,,
"ГОСУДАРСТВЕННОЕ БЮДЖЕТНОЕ УЧРЕЖДЕНИЕ НОВОСИБИРСКОЙ ОБЛАСТИ ""АГЕНТСТВО ПОДДЕРЖКИ МОЛОДЕЖНЫХ ИНИЦИАТИВ""",https://zakupki.gov.ru/epz/organization/view/info.html?organizationId=1326735,,
"САНКТ-ПЕТЕРБУРГСКОЕ ГОСУДАРСТВЕННОЕ БЮДЖЕТНОЕ УЧРЕЖДЕНИЕ ЗДРАВООХРАНЕНИЯ ""ГОРОДСКАЯ АЛЕКСАНДРОВСКАЯ БОЛЬНИЦА""",https://zakupki.gov.ru/epz/organization/view/info.html?organizationId=705935,,
"КИРОВСКОЕ ОБЛАСТНОЕ ГОСУДАРСТВЕННОЕ АВТОНОМНОЕ УЧРЕЖДЕНИЕ ДОПОЛНИТЕЛЬНОГО ОБРАЗОВАНИЯ ""СПОРТИВНАЯ ШКОЛА ""ДИНАМО""",https://zakupki.gov.ru/epz/organization/view223/info.html?agencyId=51894,,
ЗАКОНОДАТЕЛЬНОЕ СОБРАНИЕ САНКТ-ПЕТЕРБУРГА,https://zakupki.gov.ru/epz/organization/view/info.html?organizationId=729494,,
АРБИТРАЖНЫЙ СУД ЧЕЧЕНСКОЙ РЕСПУБЛИКИ,https://zakupki.gov.ru/epz/organization/view/info.html?organizationId=613856,,
КОМИТЕТ ПО ОРГАНИЗАЦИИ ТОРГОВ САМАРСКОЙ ОБЛАСТИ,https://zakupki.gov.ru/epz/organization/view/info.html?reestrNumber=639438,,
"МУНИЦИПАЛЬНОЕ АВТОНОМНОЕ УЧРЕЖДЕНИЕ ГОРОДСКОГО ОКРУГА САМАРА ""САМАРСКАЯ ГАЗЕТА""",https://zakupki.gov.ru/epz/organization/view223/info.html?agencyId=160360,,
"АВТОНОМНОЕ СТАЦИОНАРНОЕ УЧРЕЖДЕНИЕ СОЦИАЛЬНОГО ОБСЛУЖИВАНИЯ ОМСКОЙ ОБЛАСТИ ""ОМСКИЙ ДОМ-ИНТЕРНАТ""",https://zakupki.gov.ru/epz/organization/view223/info.html?agencyId=4878,,
"МУНИЦИПАЛЬНОЕ АВТОНОМНОЕ УЧРЕЖДЕНИЕ КУЛЬТУРЫ ""ПАРКИ ГОРОДА ВОЛОГДЫ""",https://zakupki.gov.ru/epz/organization/view223/info.html?agencyId=51250,,
"ГОСУДАРСТВЕННОЕ КАЗЕННОЕ УЧРЕЖДЕНИЕ ЛЕНИНГРАДСКОЙ ОБЛАСТИ ""ЦЕНТР МАТЕРИАЛЬНО-ТЕХНИЧЕСКОГО ОБЕСПЕЧЕНИЯ СУДЕБНЫХ УЧАСТКОВ МИРОВЫХ СУДЕЙ ЛЕНИНГРАДСКОЙ ОБЛАСТИ""",https://zakupki.gov.ru/epz/organization/view/info.html?organizationId=1715636,,
"ГОСУДАРСТВЕННОЕ БЮДЖЕТНОЕ УЧРЕЖДЕНИЕ ЗДРАВООХРАНЕНИЯ РЕСПУБЛИКИ КОМИ ""УСИНСКАЯ ЦЕНТРАЛЬНАЯ РАЙОННАЯ БОЛЬНИЦА""",https://zakupki.gov.ru/epz/organization/view/info.html?organizationId=633298,,
"МУНИЦИПАЛЬНОЕ БЮДЖЕТНОЕ ОБЩЕОБРАЗОВАТЕЛЬНОЕ УЧРЕЖДЕНИЕ ГОРОДА НОВОСИБИРСКА ""СРЕДНЯЯ ОБЩЕОБРАЗОВАТЕЛЬНАЯ ШКОЛА № 178""",https://zakupki.gov.ru/epz/organization/view/info.html?organizationId=714725,,
"АВТОНОМНОЕ МУНИЦИПАЛЬНОЕ УЧРЕЖДЕНИЕ ""ИНФОРМАЦИОННОЕ ИЗДАНИЕ "" ВСЕВОЛОЖСК. ГОРОДСКАЯ ЖИЗНЬ"" МУНИЦИПАЛЬНОГО ОБРАЗОВАНИЯ ВСЕВОЛОЖСКОЕ ГОРОДСКОЕ ПОСЕЛЕНИЕ ВСЕВОЛОЖСКОГО МУНИЦИПАЛЬНОГО РАЙОНА ЛЕНИНГРАДСКОЙ ОБЛАСТИ",https://zakupki.gov.ru/epz/organization/view223/info.html?agencyId=95522,,
"МУНИЦИПАЛЬНОЕ БЮДЖЕТНОЕ ОБЩЕОБРАЗОВАТЕЛЬНОЕ УЧРЕЖДЕНИЕ ""СРЕДНЯЯ ОБЩЕОБРАЗОВАТЕЛЬНАЯ ШКОЛА С УГЛУБЛЕННЫМ ИЗУЧЕНИЕМ ОТДЕЛЬНЫХ ПРЕДМЕТОВ № 32"" ГОРОДА КИРОВА",https://zakupki.gov.ru/epz/organization/view/info.html?organizationId=691730,,
АДМИНИСТРАЦИЯ ФОРНОСОВСКОГО ГОРОДСКОГО ПОСЕЛЕНИЯ ТОСНЕНСКОГО МУНИЦИПАЛЬНОГО РАЙОНА ЛЕНИНГРАДСКОЙ ОБЛАСТИ,https://zakupki.gov.ru/epz/organization/view/info.html?organizationId=728319,,
УПРАВЛЕНИЕ РЕСПУБЛИКИ СЕВЕРНАЯ ОСЕТИЯ-АЛАНИЯ ПО ПРОВЕДЕНИЮ ЗАКУПОК ДЛЯ ГОСУДАРСТВЕННЫХ НУЖД,https://zakupki.gov.ru/epz/organization/view/info.html?reestrNumber=613723,,
"ГОСУДАРСТВЕННОЕ УЧРЕЖДЕНИЕ ЗДРАВООХРАНЕНИЯ САРАТОВСКОЙ ОБЛАСТИ ""ПЕРЕЛЮБСКАЯ РАЙОННАЯ БОЛЬНИЦА""",https://zakupki.gov.ru/epz/organization/view/info.html?organizationId=650026,,
"БЮДЖЕТНОЕ УЧРЕЖДЕНИЕ ЗДРАВООХРАНЕНИЯ ОМСКОЙ ОБЛАСТИ ""ДЕТСКАЯ ГОРОДСКАЯ ПОЛИКЛИНИКА № 8""",https://zakupki.gov.ru/epz/organization/view/info.html?organizationId=720494,,
"ОБЩЕСТВО С ОГРАНИЧЕННОЙ ОТВЕТСТВЕННОСТЬЮ ""ЖДК-ЭНЕРГОРЕСУРС""",https://zakupki.gov.ru/epz/organization/view223/info.html?agencyId=152140,,
"САНКТ-ПЕТЕРБУРГСКОЕ ГОСУДАРСТВЕННОЕ БЮДЖЕТНОЕ УЧРЕЖДЕНИЕ ""ДЕТСКИЙ ОЗДОРОВИТЕЛЬНЫЙ КОМПЛЕКС ""ДРУЖНЫХ""",https://zakupki.gov.ru/epz/organization/view/info.html?organizationId=706835,,
"ГОСУДАРСТВЕННОЕ БЮДЖЕТНОЕ УЧРЕЖДЕНИЕ САМАРСКОЙ ОБЛАСТИ ""ЮЖНЫЙ ДОМ-ИНТЕРНАТ ДЛЯ ПРЕСТАРЕЛЫХ,ИНВАЛИДОВ""",https://zakupki.gov.ru/epz/organization/view/info.html?organizationId=751462,,
"ОБЛАСТНОЕ КАЗЕННОЕ УЧРЕЖДЕНИЕ СОЦИАЛЬНОГО ОБСЛУЖИВАНИЯ ""КУРСКИЙ СОЦИАЛЬНЫЙ ПРОФЕССИОНАЛЬНО-РЕАБИЛИТАЦИОННЫЙ ЦЕНТР ""РЕСУРС""",https://zakupki.gov.ru/epz/organization/view/info.html?organizationId=799058,,
"ФЕДЕРАЛЬНОЕ ГОСУДАРСТВЕННОЕ БЮДЖЕТНОЕ УЧРЕЖДЕНИЕ ""НОВОСИБИРСКИЙ НАУЧНО-ИССЛЕДОВАТЕЛЬСКИЙ ИНСТИТУТ ТРАВМАТОЛОГИИ И ОРТОПЕДИИ ИМ. Я.Л. ЦИВЬЯНА"" МИНИСТЕРСТВА ЗДРАВООХРАНЕНИЯ РОССИЙСКОЙ ФЕДЕРАЦИИ",https://zakupki.gov.ru/epz/organization/view/info.html?organizationId=611994,,
"МУНИЦИПАЛЬНОЕ БЮДЖЕТНОЕ ОБЩЕОБРАЗОВАТЕЛЬНОЕ УЧРЕЖДЕНИЕ ""СРЕДНЯЯ ОБЩЕОБРАЗОВАТЕЛЬНАЯ ШКОЛА № 1""",https://zakupki.gov.ru/epz/organization/view/info.html?organizationId=712338,,
"ГОСУДАРСТВЕННОЕ АВТОНОМНОЕ УЧРЕЖДЕНИЕ МОСКОВСКОЙ ОБЛАСТИ ""МОСОБЛЛЕС""",https://zakupki.gov.ru/epz/organization/view223/info.html?agencyId=726775,,
"ГОСУДАРСТВЕННОЕ БЮДЖЕТНОЕ УЧРЕЖДЕНИЕ ЗДРАВООХРАНЕНИЯ ПЕРМСКОГО КРАЯ ""ГОРОДСКАЯ СТОМАТОЛОГИЧЕСКАЯ ПОЛИКЛИНИКА № 3""",https://zakupki.gov.ru/epz/organization/view/info.html?organizationId=728105,,
"ГОСУДАРСТВЕННОЕ БЮДЖЕТНОЕ УЧРЕЖДЕНИЕ ЗДРАВООХРАНЕНИЯ АСТРАХАНСКОЙ ОБЛАСТИ ""КРАСНОЯРСКАЯ РАЙОННАЯ БОЛЬНИЦА""",https://zakupki.gov.ru/epz/organization/view/info.html?organizationId=1374837,,
"МУНИЦИПАЛЬНОЕ КАЗЁННОЕ УЧРЕЖДЕНИЕ ГОРОДСКОГО ОКРУГА ПУШКИНСКИЙ МОСКОВСКОЙ ОБЛАСТИ ""ЦЕНТР ОРГАНИЗАЦИИ ТОРГОВ""",https://zakupki.gov.ru/epz/organization/view/info.html?reestrNumber=2198165,,
"ПУБЛИЧНОЕ АКЦИОНЕРНОЕ ОБЩЕСТВО ""РОССЕТИ СИБИРЬ""",https://zakupki.gov.ru/epz/organization/view223/info.html?agencyId=2146,,
"ФЕДЕРАЛЬНОЕ ГОСУДАРСТВЕННОЕ БЮДЖЕТНОЕ УЧРЕЖДЕНИЕ ЗДРАВООХРАНЕНИЯ ""КЛИНИЧЕСКАЯ БОЛЬНИЦА № 71 ФЕДЕРАЛЬНОГО МЕДИКО-БИОЛОГИЧЕСКОГО АГЕНТСТВА""",https://zakupki.gov.ru/epz/organization/view/info.html?organizationId=649404,,
"ГОСУДАРСТВЕННОЕ БЮДЖЕТНОЕ УЧРЕЖДЕНИЕ ЗДРАВООХРАНЕНИЯ ГОРОДА МОСКВЫ ""ГОРОДСКАЯ КЛИНИЧЕСКАЯ БОЛЬНИЦА ИМЕНИ С.С. ЮДИНА ДЕПАРТАМЕНТА ЗДРАВООХРАНЕНИЯ ГОРОДА МОСКВЫ""",https://zakupki.gov.ru/epz/organization/view/info.html?organizationId=695428,,
"ГОСУДАРСТВЕННОЕ АВТОНОМНОЕ УЧРЕЖДЕНИЕ ЗДРАВООХРАНЕНИЯ ""КУЗБАССКАЯ ОБЛАСТНАЯ ДЕТСКАЯ КЛИНИЧЕСКАЯ БОЛЬНИЦА ИМЕНИ Ю.А. АТАМАНОВА""",https://zakupki.gov.ru/epz/organization/view223/info.html?agencyId=487739,,
"ГОСУДАРСТВЕННОЕ БЮДЖЕТНОЕ УЧРЕЖДЕНИЕ РЕСПУБЛИКИ ДАГЕСТАН ""КИЗИЛЮРТОВСКАЯ ЦЕНТРАЛЬНАЯ ГОРОДСКАЯ БОЛЬНИЦА""",https://zakupki.gov.ru/epz/organization/view/info.html?organizationId=2201858,,
КОМИТЕТ ПО КОНКУРЕНТНОЙ ПОЛИТИКЕ МОСКОВСКОЙ ОБЛАСТИ,https://zakupki.gov.ru/epz/organization/view/info.html?reestrNumber=2026809,,
"САНКТ-ПЕТЕРБУРГСКОЕ ГОСУДАРСТВЕННОЕ БЮДЖЕТНОЕ СТАЦИОНАРНОЕ УЧРЕЖДЕНИЕ СОЦИАЛЬНОГО ОБСЛУЖИВАНИЯ НАСЕЛЕНИЯ ""ДОМ СОЦИАЛЬНОГО ОБСЛУЖИВАНИЯ ""ВМЕСТЕ""",https://zakupki.gov.ru/epz/organization/view/info.html?organizationId=724330,,
"МУНИЦИПАЛЬНОЕ АВТОНОМНОЕ ОБЩЕОБРАЗОВАТЕЛЬНОЕ УЧРЕЖДЕНИЕ ""СРЕДНЯЯ ОБЩЕОБРАЗОВАТЕЛЬНАЯ ШКОЛА № 154 Г. ЧЕЛЯБИНСКА""",https://zakupki.gov.ru/epz/organization/view223/info.html?agencyId=54503,,
"САНКТ-ПЕТЕРБУРГСКОЕ ГОСУДАРСТВЕННОЕ БЮДЖЕТНОЕ ПРОФЕССИОНАЛЬНОЕ ОБРАЗОВАТЕЛЬНОЕ УЧРЕЖДЕНИЕ ""ЛИЦЕЙ СЕРВИСА И ИНДУСТРИАЛЬНЫХ ТЕХНОЛОГИЙ""",https://zakupki.gov.ru/epz/organization/view/info.html?organizationId=651970,,
"КАЗЕННОЕ УЧРЕЖДЕНИЕ РЕСПУБЛИКИ КАЛМЫКИЯ ""ЦЕНТР ЗАНЯТОСТИ НАСЕЛЕНИЯ РЕСПУБЛИКИ КАЛМЫКИЯ""",https://zakupki.gov.ru/epz/organization/view/info.html?organizationId=781859,,
НИЖНЕ-ВОЛЖСКОЕ БАССЕЙНОВОЕ ВОДНОЕ УПРАВЛЕНИЕ ФЕДЕРАЛЬНОГО АГЕНТСТВА ВОДНЫХ РЕСУРСОВ,https://zakupki.gov.ru/epz/organization/view/info.html?organizationId=612139,,
ФЕДЕРАЛЬНЫЙ ФОНД ОБЯЗАТЕЛЬНОГО МЕДИЦИНСКОГО СТРАХОВАНИЯ,https://zakupki.gov.ru/epz/organization/view/info.html?organizationId=806667,,
"САНКТ-ПЕТЕРБУРГСКОЕ ГОСУДАРСТВЕННОЕ БЮДЖЕТНОЕ СТАЦИОНАРНОЕ УЧРЕЖДЕНИЕ СОЦИАЛЬНОГО ОБСЛУЖИВАНИЯ НАСЕЛЕНИЯ ""ДОМ СОЦИАЛЬНОГО ОБСЛУЖИВАНИЯ ""ТЕСОВЫЙ БЕРЕГ""",https://zakupki.gov.ru/epz/organization/view/info.html?organizationId=710359,,
"ГОСУДАРСТВЕННОЕ БЮДЖЕТНОЕ УЧРЕЖДЕНИЕ ЗДРАВООХРАНЕНИЯ ГОРОДА МОСКВЫ ""ДЕТСКАЯ ГОРОДСКАЯ ПОЛИКЛИНИКА № 28 ДЕПАРТАМЕНТА ЗДРАВООХРАНЕНИЯ ГОРОДА МОСКВЫ""",https://zakupki.gov.ru/epz/organization/view/info.html?organizationId=1402716,,
"ГОСУДАРСТВЕННОЕ БЮДЖЕТНОЕ УЧРЕЖДЕНИЕ ПСКОВСКОЙ ОБЛАСТИ ""ЦЕНТР ДЕТСКОГО ОТДЫХА И ОЗДОРОВЛЕНИЯ""",https://zakupki.gov.ru/epz/organization/view223/info.html?agencyId=724138,,
"КРАЕВОЕ ГОСУДАРСТВЕННОЕ БЮДЖЕТНОЕ УЧРЕЖДЕНИЕ ЗДРАВООХРАНЕНИЯ ""ХАБАРОВСКАЯ РАЙОННАЯ БОЛЬНИЦА"" МИНИСТЕРСТВА ЗДРАВООХРАНЕНИЯ ХАБАРОВСКОГО КРАЯ",https://zakupki.gov.ru/epz/organization/view/info.html?organizationId=1828695,,
"ГОСУДАРСТВЕННОЕ БЮДЖЕТНОЕ УЧРЕЖДЕНИЕ ЗДРАВООХРАНЕНИЯ ""КАБАРДИНО-БАЛКАРСКИЙ ЦЕНТР МЕДИЦИНЫ КАТАСТРОФ И СКОРОЙ МЕДИЦИНСКОЙ ПОМОЩИ""",https://zakupki.gov.ru/epz/organization/view/info.html?organizationId=717573,,
"ОБЩЕСТВО С ОГРАНИЧЕННОЙ ОТВЕТСТВЕННОСТЬЮ ""ПРОЕКТЫ ЗЕЛЕНОЙ ЭНЕРГЕТИКИ""",https://zakupki.gov.ru/epz/organization/view223/info.html?agencyId=491909,,
"ГОСУДАРСТВЕННОЕ КАЗЕННОЕ УЧРЕЖДЕНИЕ РЕСПУБЛИКИ САХА (ЯКУТИЯ) ""ЦЕНТР ЗАКУПОК РЕСПУБЛИКИ САХА (ЯКУТИЯ)""",https://zakupki.gov.ru/epz/organization/view/info.html?reestrNumber=2225649,,
АДМИНИСТРАЦИЯ МУНИЦИПАЛЬНОГО РАЙОНА КИГИНСКИЙ РАЙОН РЕСПУБЛИКИ БАШКОРТОСТАН,https://zakupki.gov.ru/epz/organization/view/info.html?organizationId=693209,,
"ГОСУДАРСТВЕННОЕ УЧРЕЖДЕНИЕ ЗДРАВООХРАНЕНИЯ ""УСМАНСКАЯ ЦЕНТРАЛЬНАЯ РАЙОННАЯ БОЛЬНИЦА""",https://zakupki.gov.ru/epz/organization/view/info.html?organizationId=711278,,
"МУНИЦИПАЛЬНОЕ БЮДЖЕТНОЕ УЧРЕЖДЕНИЕ ""ИНСТИТУТ ГРАДОСТРОИТЕЛЬНОГО ПЛАНИРОВАНИЯ ВОЛГОГРАДА ""МЕГАПОЛИС""",https://zakupki.gov.ru/epz/organization/view/info.html?organizationId=1677646,,
"МУНИЦИПАЛЬНОЕ БЮДЖЕТНОЕ УЧРЕЖДЕНИЕ ""СПЕЦАВТОХОЗЯЙСТВО ПО УБОРКЕ ГОРОДА""",https://zakupki.gov.ru/epz/organization/view/info.html?organizationId=2239631,,
ФЕДЕРАЛЬНОЕ ГОСУДАРСТВЕННОЕ БЮДЖЕТНОЕ УЧРЕЖДЕНИЕ ЗДРАВООХРАНЕНИЯ САНКТ-ПЕТЕРБУРГСКАЯ КЛИНИЧЕСКАЯ БОЛЬНИЦА РОССИЙСКОЙ АКАДЕМИИ НАУК,https://zakupki.gov.ru/epz/organization/view/info.html?organizationId=617508,,
АДМИНИСТРАЦИЯ БЕРЁЗОВСКОГО СЕЛЬСОВЕТА ПЕРВОМАЙСКОГО РАЙОНА АЛТАЙСКОГО КРАЯ,https://zakupki.gov.ru/epz/organization/view/info.html?organizationId=714965,,
"ГОСУДАРСТВЕННОЕ АВТОНОМНОЕ УЧРЕЖДЕНИЕ КУЛЬТУРЫ СВЕРДЛОВСКОЙ ОБЛАСТИ ""СВЕРДЛОВСКАЯ ОБЛАСТНАЯ УНИВЕРСАЛЬНАЯ НАУЧНАЯ БИБЛИОТЕКА ИМ. В.Г. БЕЛИНСКОГО""",https://zakupki.gov.ru/epz/organization/view223/info.html?agencyId=122862,,
"МУНИЦИПАЛЬНОЕ УНИТАРНОЕ ПРЕДПРИЯТИЕ ""СОВЕТСКИЙ ТЕПЛОВОДОКАНАЛ""",https://zakupki.gov.ru/epz/organization/view223/info.html?agencyId=138062,,
"МУНИЦИПАЛЬНОЕ БЮДЖЕТНОЕ УЧРЕЖДЕНИЕ ""ВОЙСКОВИЦКИЙ ЦЕНТР БЛАГОУСТРОЙСТВА""",https://zakupki.gov.ru/epz/organization/view/info.html?organizationId=2569005,,
"АВТОНОМНОЕ СТАЦИОНАРНОЕ УЧРЕЖДЕНИЕ СОЦИАЛЬНОГО ОБСЛУЖИВАНИЯ ОМСКОЙ ОБЛАСТИ ""КРУТИНСКИЙ ДОМ-ИНТЕРНАТ""",https://zakupki.gov.ru/epz/organization/view223/info.html?agencyId=87602,,
АДМИНИСТРАЦИЯ НИЖНЕДЕВИЦКОГО МУНИЦИПАЛЬНОГО РАЙОНА ВОРОНЕЖСКОЙ ОБЛАСТИ,https://zakupki.gov.ru/epz/organization/view/info.html?reestrNumber=684351,,
"ГОСУДАРСТВЕННОЕ КАЗЕННОЕ УЧРЕЖДЕНИЕ ""ЦЕНТР ОРГАНИЗАЦИИ ЗАКУПОК ЧЕЛЯБИНСКОЙ ОБЛАСТИ""",https://zakupki.gov.ru/epz/organization/view/info.html?reestrNumber=2160181,,
АДМИНИСТРАЦИЯ СОСНОВСКОГО МУНИЦИПАЛЬНОГО ОКРУГА ЧЕЛЯБИНСКОЙ ОБЛАСТИ,https://zakupki.gov.ru/epz/organization/view/info.html?reestrNumber=8742982,,
ГОСУДАРСТВЕННОЕ БЮДЖЕТНОЕ ОБЩЕОБРАЗОВАТЕЛЬНОЕ УЧРЕЖДЕНИЕ ЛИЦЕЙ № 226 ФРУНЗЕНСКОГО РАЙОНА САНКТ-ПЕТЕРБУРГА,https://zakupki.gov.ru/epz/organization/view/info.html?organizationId=686840,,
АДМИНИСТРАЦИЯ ЗЛАТОУСТОВСКОГО ГОРОДСКОГО ОКРУГА,https://zakupki.gov.ru/epz/organization/view/info.html?reestrNumber=788479,,
"ОБЩЕСТВО С ОГРАНИЧЕННОЙ ОТВЕТСТВЕННОСТЬЮ ""АГРОПРОМЫШЛЕННАЯ КОМПАНИЯ ""РОДНАЯ ЗЕМЛЯ""",https://zakupki.gov.ru/epz/organization/view/info.html?organizationId=10293046,,
"ФЕДЕРАЛЬНОЕ ГОСУДАРСТВЕННОЕ БЮДЖЕТНОЕ УЧРЕЖДЕНИЕ НАУКИ ФЕДЕРАЛЬНЫЙ ИССЛЕДОВАТЕЛЬСКИЙ ЦЕНТР ПИТАНИЯ, БИОТЕХНОЛОГИИ И БЕЗОПАСНОСТИ ПИЩИ",https://zakupki.gov.ru/epz/organization/view/info.html?organizationId=781181,,
САВИНСКОЕ ФУНКЦИОНАЛЬНОЕ УПРАВЛЕНИЕ АДМИНИСТРАЦИИ НОВГОРОДСКОГО МУНИЦИПАЛЬНОГО ОКРУГА НОВГОРОДСКОЙ ОБЛАСТИ,https://zakupki.gov.ru/epz/organization/view/info.html?organizationId=10023046,,
"ФЕДЕРАЛЬНОЕ ГОСУДАРСТВЕННОЕ БЮДЖЕТНОЕ УЧРЕЖДЕНИЕ ""НАЦИОНАЛЬНЫЙ МЕДИЦИНСКИЙ ИССЛЕДОВАТЕЛЬСКИЙ ЦЕНТР РЕАБИЛИТАЦИИ И КУРОРТОЛОГИИ"" МИНИСТЕРСТВА ЗДРАВООХРАНЕНИЯ РОССИЙСКОЙ ФЕДЕРАЦИИ",https://zakupki.gov.ru/epz/organization/view/info.html?organizationId=756217,,
"БЮДЖЕТНОЕ УЧРЕЖДЕНИЕ ЗДРАВООХРАНЕНИЯ ВОЛОГОДСКОЙ ОБЛАСТИ ""ЧЕРЕПОВЕЦКАЯ ГОРОДСКАЯ ПОЛИКЛИНИКА № 7"" ИМЕНИ ПАВЛА ЯКОВЛЕВИЧА ДМИТРИЕВА",https://zakupki.gov.ru/epz/organization/view/info.html?organizationId=807056,,
ГОСУДАРСТВЕННОЕ БЮДЖЕТНОЕ ДОШКОЛЬНОЕ ОБРАЗОВАТЕЛЬНОЕ УЧРЕЖДЕНИЕ ДЕТСКИЙ САД №54 ФРУНЗЕНСКОГО РАЙОНА САНКТ-ПЕТЕРБУРГА,https://zakupki.gov.ru/epz/organization/view/info.html?organizationId=787611,,
"ГОСУДАРСТВЕННОЕ БЮДЖЕТНОЕ ОБЩЕОБРАЗОВАТЕЛЬНОЕ УЧРЕЖДЕНИЕ ШКОЛА № 755 ""РЕГИОНАЛЬНЫЙ ЦЕНТР АУТИЗМА"" ВАСИЛЕОСТРОВСКОГО РАЙОНА САНКТ-ПЕТЕРБУРГА",https://zakupki.gov.ru/epz/organization/view/info.html?organizationId=2182380,,
"ГОСУДАРСТВЕННОЕ БЮДЖЕТНОЕ УЧРЕЖДЕНИЕ ЗДРАВООХРАНЕНИЯ МОСКОВСКОЙ ОБЛАСТИ  ""ДЕТСКИЙ НАУЧНО-КЛИНИЧЕСКИЙ ЦЕНТР ИМЕНИ Л.М. РОШАЛЯ""",https://zakupki.gov.ru/epz/organization/view/info.html?organizationId=754186,,
"САНКТ-ПЕТЕРБУРГСКОЕ ГОСУДАРСТВЕННОЕ БЮДЖЕТНОЕ УЧРЕЖДЕНИЕ СОЦИАЛЬНОГО ОБСЛУЖИВАНИЯ НАСЕЛЕНИЯ ""СОЦИАЛЬНО-РЕАБИЛИТАЦИОННЫЙ ЦЕНТР ДЛЯ НЕСОВЕРШЕННОЛЕТНИХ ""ДОМ МИЛОСЕРДИЯ""",https://zakupki.gov.ru/epz/organization/view/info.html?organizationId=646448,,
"ТЮМЕНСКОЕ МУНИЦИПАЛЬНОЕ УНИТАРНОЕ ПРЕДПРИЯТИЕ ""ТЮМЕНСКИЕ ТЕПЛОВЫЕ СЕТИ""",https://zakupki.gov.ru/epz/organization/view223/info.html?agencyId=13405,,
"БЮДЖЕТНОЕ УЧРЕЖДЕНИЕ ЗДРАВООХРАНЕНИЯ ОМСКОЙ ОБЛАСТИ ""КЛИНИЧЕСКИЙ МЕДИКО-ХИРУРГИЧЕСКИЙ ЦЕНТР МИНИСТЕРСТВА ЗДРАВООХРАНЕНИЯ ОМСКОЙ ОБЛАСТИ""",https://zakupki.gov.ru/epz/organization/view/info.html?organizationId=633809,,
ГОСУДАРСТВЕННОЕ БЮДЖЕТНОЕ УЧРЕЖДЕНИЕ ЗДРАВООХРАНЕНИЯ РЕСПУБЛИКИ БАШКОРТОСТАН БЕЛОРЕЦКАЯ ЦЕНТРАЛЬНАЯ РАЙОННАЯ КЛИНИЧЕСКАЯ БОЛЬНИЦА,https://zakupki.gov.ru/epz/organization/view/info.html?organizationId=683873,,
"ФЕДЕРАЛЬНОЕ ГОСУДАРСТВЕННОЕ БЮДЖЕТНОЕ УЧРЕЖДЕНИЕ ""НАЦИОНАЛЬНЫЙ МЕДИЦИНСКИЙ ИССЛЕДОВАТЕЛЬСКИЙ ЦЕНТР ИМЕНИ АКАДЕМИКА Е.Н. МЕШАЛКИНА"" МИНИСТЕРСТВА ЗДРАВООХРАНЕНИЯ РОССИЙСКОЙ ФЕДЕРАЦИИ",https://zakupki.gov.ru/epz/organization/view/info.html?organizationId=613361,,
"ФЕДЕРАЛЬНОЕ ГОСУДАРСТВЕННОЕ БЮДЖЕТНОЕ УЧРЕЖДЕНИЕ ЗДРАВООХРАНЕНИЯ ""КЛИНИЧЕСКАЯ БОЛЬНИЦА № 85 ФЕДЕРАЛЬНОГО МЕДИКО-БИОЛОГИЧЕСКОГО АГЕНТСТВА""",https://zakupki.gov.ru/epz/organization/view/info.html?organizationId=690147,,
"БЮДЖЕТНОЕ УЧРЕЖДЕНИЕ ЗДРАВООХРАНЕНИЯ ОМСКОЙ ОБЛАСТИ ""КОРМИЛОВСКАЯ ЦЕНТРАЛЬНАЯ РАЙОННАЯ БОЛЬНИЦА""",https://zakupki.gov.ru/epz/organization/view/info.html?organizationId=661805,,
ГОСУДАРСТВЕННОЕ БЮДЖЕТНОЕ ДОШКОЛЬНОЕ ОБРАЗОВАТЕЛЬНОЕ УЧРЕЖДЕНИЕ ДЕТСКИЙ САД № 17 ВАСИЛЕОСТРОВСКОГО РАЙОНА САНКТ-ПЕТЕРБУРГА,https://zakupki.gov.ru/epz/organization/view/info.html?organizationId=649102,,
"ГОСУДАРСТВЕННОЕ БЮДЖЕТНОЕ УЧРЕЖДЕНИЕ ЗДРАВООХРАНЕНИЯ ""ГОРОДСКАЯ ПОЛИКЛИНИКА №1""",https://zakupki.gov.ru/epz/organization/view/info.html?organizationId=695103,,
"ТЕРРИТОРИАЛЬНОЕ УПРАВЛЕНИЕ АДМИНИСТРАЦИИ УСТЬ-БОЛЬШЕРЕЦКОГО МУНИЦИПАЛЬНОГО ОКРУГА КАМЧАТСКОГО КРАЯ В П. ОЗЕРНОВСКИЙ, С. ЗАПОРОЖЬЕ, П. ШУМНЫЙ И П. ПАУЖЕТКА",https://zakupki.gov.ru/epz/organization/view/info.html?organizationId=10186046,,
"МУНИЦИПАЛЬНОЕ АВТОНОМНОЕ ОБЩЕОБРАЗОВАТЕЛЬНОЕ УЧРЕЖДЕНИЕ ""ЛИЦЕЙ № 62 ИМЕНИ КОМАРОВА ВЛАДИМИРА МИХАЙЛОВИЧА"" ГОРОДСКОГО ОКРУГА ГОРОД УФА РЕСПУБЛИКИ БАШКОРТОСТАН",https://zakupki.gov.ru/epz/organization/view223/info.html?agencyId=92574,,
"МУНИЦИПАЛЬНОЕ АВТОНОМНОЕ УЧРЕЖДЕНИЕ ДОПОЛНИТЕЛЬНОГО ОБРАЗОВАНИЯ ""СПОРТИВНАЯ ШКОЛА ""РЕКОРД"" МУНИЦИПАЛЬНОГО ОБРАЗОВАНИЯ ГОРОДА БРАТСКА",https://zakupki.gov.ru/epz/organization/view223/info.html?agencyId=80504,,
"ГОСУДАРСТВЕННОЕ УЧРЕЖДЕНИЕ ЗДРАВООХРАНЕНИЯ САРАТОВСКОЙ ОБЛАСТИ ""ЕКАТЕРИНОВСКАЯ РАЙОННАЯ БОЛЬНИЦА""",https://zakupki.gov.ru/epz/organization/view/info.html?organizationId=623481,,
"ГОСУДАРСТВЕННОЕ БЮДЖЕТНОЕ УЧРЕЖДЕНИЕ РЕСПУБЛИКИ ДАГЕСТАН ""ТЕРРИТОРИАЛЬНЫЙ КОМПЛЕКСНЫЙ ЦЕНТР СОЦИАЛЬНОГО ОБСЛУЖИВАНИЯ НАСЕЛЕНИЯ ГОРОДА КИЗИЛЮРТА И КИЗИЛЮРТОВСКОГО РАЙОНА""",https://zakupki.gov.ru/epz/organization/view/info.html?organizationId=616979,,
"ГОСУДАРСТВЕННОЕ УЧРЕЖДЕНИЕ ЗДРАВООХРАНЕНИЯ САРАТОВСКОЙ ОБЛАСТИ ""ВОСКРЕСЕНСКАЯ РАЙОННАЯ БОЛЬНИЦА""",https://zakupki.gov.ru/epz/organization/view/info.html?organizationId=686289,,
"БЮДЖЕТНОЕ УЧРЕЖДЕНИЕ ЗДРАВООХРАНЕНИЯ ОМСКОЙ ОБЛАСТИ ""НАЗЫВАЕВСКАЯ ЦЕНТРАЛЬНАЯ РАЙОННАЯ БОЛЬНИЦА""",https://zakupki.gov.ru/epz/organization/view/info.html?organizationId=641138,,
"КРАЕВОЕ ГОСУДАРСТВЕННОЕ БЮДЖЕТНОЕ УЧРЕЖДЕНИЕ ЗДРАВООХРАНЕНИЯ ""КРАЕВОЙ КЛИНИЧЕСКИЙ ЦЕНТР ОНКОЛОГИИ"" МИНИСТЕРСТВА ЗДРАВООХРАНЕНИЯ ХАБАРОВСКОГО КРАЯ",https://zakupki.gov.ru/epz/organization/view/info.html?organizationId=620229,,
"ОБЛАСТНОЕ ГОСУДАРСТВЕННОЕ АВТОНОМНОЕ УЧРЕЖДЕНИЕ ЗДРАВООХРАНЕНИЯ ""ИРКУТСКАЯ ГОРОДСКАЯ КЛИНИЧЕСКАЯ БОЛЬНИЦА № 8""",https://zakupki.gov.ru/epz/organization/view223/info.html?agencyId=50566,,
"ГОСУДАРСТВЕННОЕ АВТОНОМНОЕ ПРОФЕССИОНАЛЬНОЕ ОБРАЗОВАТЕЛЬНОЕ УЧРЕЖДЕНИЕ ""ВОЛГОГРАДСКИЙ МЕДИКО-ЭКОЛОГИЧЕСКИЙ ТЕХНИКУМ""",https://zakupki.gov.ru/epz/organization/view223/info.html?agencyId=2234,,
АДМИНИСТРАЦИЯ УЧКЕКЕНСКОГО  СЕЛЬСКОГО ПОСЕЛЕНИЯ МАЛОКАРАЧАЕВСКОГО МУНИЦИПАЛЬНОГО РАЙОНА КАРАЧАЕВО-ЧЕРКЕССКОЙ РЕСПУБЛИКИ,https://zakupki.gov.ru/epz/organization/view/info.html?organizationId=785637,,
ПЕРВЫЙ КАССАЦИОННЫЙ СУД ОБЩЕЙ ЮРИСДИКЦИИ,https://zakupki.gov.ru/epz/organization/view/info.html?organizationId=2236582,,
ФЕДЕРАЛЬНОЕ ГОСУДАРСТВЕННОЕ БЮДЖЕТНОЕ УЧРЕЖДЕНИЕ НАУКИ ГОСУДАРСТВЕННЫЙ НАУЧНЫЙ ЦЕНТР РОССИЙСКОЙ ФЕДЕРАЦИИ - ИНСТИТУТ МЕДИКО-БИОЛОГИЧЕСКИХ ПРОБЛЕМ РОССИЙСКОЙ АКАДЕМИИ НАУК,https://zakupki.gov.ru/epz/organization/view/info.html?organizationId=761293,,
"ГОСУДАРСТВЕННОЕ КАЗЕННОЕ УЧРЕЖДЕНИЕ МОСКОВСКОЙ ОБЛАСТИ ""ДИРЕКЦИЯ ЕДИНОГО ЗАКАЗЧИКА МИНИСТЕРСТВА ЗДРАВООХРАНЕНИЯ МОСКОВСКОЙ ОБЛАСТИ""",https://zakupki.gov.ru/epz/organization/view/info.html?organizationId=815308,,
"САНКТ-ПЕТЕРБУРГСКОЕ ГОСУДАРСТВЕННОЕ БЮДЖЕТНОЕ УЧРЕЖДЕНИЕ ЗДРАВООХРАНЕНИЯ ""ГОРОДСКАЯ БОЛЬНИЦА № 26""",https://zakupki.gov.ru/epz/organization/view/info.html?organizationId=664818,,
"МУНИЦИПАЛЬНОЕ АВТОНОМНОЕ УЧРЕЖДЕНИЕ ГОРОДА КАЛИНИНГРАДА ""МОЛОДЕЖНЫЙ ЦЕНТР""",https://zakupki.gov.ru/epz/organization/view223/info.html?agencyId=132814,,
"КРАЕВОЕ ГОСУДАРСТВЕННОЕ БЮДЖЕТНОЕ УЧРЕЖДЕНИЕ ЗДРАВООХРАНЕНИЯ ""КЕЖЕМСКАЯ РАЙОННАЯ БОЛЬНИЦА""",https://zakupki.gov.ru/epz/organization/view/info.html?organizationId=800708,,
"ГОСУДАРСТВЕННОЕ БЮДЖЕТНОЕ УЧРЕЖДЕНИЕ ЗДРАВООХРАНЕНИЯ НОВОСИБИРСКОЙ ОБЛАСТИ ""ЧИСТООЗЕРНАЯ ЦЕНТРАЛЬНАЯ РАЙОННАЯ БОЛЬНИЦА""",https://zakupki.gov.ru/epz/organization/view/info.html?organizationId=765486,,
"АКЦИОНЕРНОЕ ОБЩЕСТВО ПЛЕМЕННОЙ РЕПРОДУКТОР ""ЧИСТЮНЬСКИЙ""",https://zakupki.gov.ru/epz/organization/view223/info.html?agencyId=2004,,
"ГОСУДАРСТВЕННОЕ БЮДЖЕТНОЕ УЧРЕЖДЕНИЕ ЗДРАВООХРАНЕНИЯ ""ОБЛАСТНОЙ ПЕРИНАТАЛЬНЫЙ ЦЕНТР""",https://zakupki.gov.ru/epz/organization/view/info.html?organizationId=775344,,
"КРАЕВОЕ ГОСУДАРСТВЕННОЕ БЮДЖЕТНОЕ НЕТИПОВОЕ ОБРАЗОВАТЕЛЬНОЕ УЧРЕЖДЕНИЕ ""КРАЕВОЙ ДЕТСКИЙ ЦЕНТР ""СОЗВЕЗДИЕ""",https://zakupki.gov.ru/epz/organization/view/info.html?organizationId=776033,,
"ФЕДЕРАЛЬНОЕ ГОСУДАРСТВЕННОЕ БЮДЖЕТНОЕ ОБРАЗОВАТЕЛЬНОЕ УЧРЕЖДЕНИЕ ВЫСШЕГО ОБРАЗОВАНИЯ ""КАЗАНСКИЙ ГОСУДАРСТВЕННЫЙ МЕДИЦИНСКИЙ УНИВЕРСИТЕТ"" МИНИСТЕРСТВА ЗДРАВООХРАНЕНИЯ РОССИЙСКОЙ ФЕДЕРАЦИИ",https://zakupki.gov.ru/epz/organization/view223/info.html?agencyId=52840,,
"ГОСУДАРСТВЕННОЕ БЮДЖЕТНОЕ УЧРЕЖДЕНИЕ ""МНОГОФУНКЦИОНАЛЬНЫЙ МОЛОДЕЖНЫЙ ЦЕНТР"" КАБАРДИНО-БАЛКАРСКОЙ РЕСПУБЛИКИ",https://zakupki.gov.ru/epz/organization/view/info.html?organizationId=1538797,,
ГОСУДАРСТВЕННОЕ БЮДЖЕТНОЕ ОБЩЕОБРАЗОВАТЕЛЬНОЕ УЧРЕЖДЕНИЕ СРЕДНЯЯ ОБЩЕОБРАЗОВАТЕЛЬНАЯ ШКОЛА № 324 КУРОРТНОГО РАЙОНА САНКТ-ПЕТЕРБУРГА,https://zakupki.gov.ru/epz/organization/view/info.html?organizationId=690730,,
"ГОСУДАРСТВЕННОЕ БЮДЖЕТНОЕ УЧРЕЖДЕНИЕ ЗДРАВООХРАНЕНИЯ ""МУЙСКАЯ ЦЕНТРАЛЬНАЯ РАЙОННАЯ БОЛЬНИЦА""",https://zakupki.gov.ru/epz/organization/view/info.html?organizationId=617589,,
"ФЕДЕРАЛЬНОЕ ГОСУДАРСТВЕННОЕ БЮДЖЕТНОЕ УЧРЕЖДЕНИЕ КУЛЬТУРЫ ""РОСКОНЦЕРТ""",https://zakupki.gov.ru/epz/organization/view/info.html?organizationId=745728,,
"ФЕДЕРАЛЬНОЕ ГОСУДАРСТВЕННОЕ КАЗЕННОЕ УЧРЕЖДЕНИЕ ""АМУРСКИЙ СПАСАТЕЛЬНЫЙ ЦЕНТР МЧС РОССИИ""",https://zakupki.gov.ru/epz/organization/view/info.html?organizationId=671466,,
"ГОСУДАРСТВЕННОЕ УЧРЕЖДЕНИЕ ЗДРАВООХРАНЕНИЯ САРАТОВСКОЙ ОБЛАСТИ ""САМОЙЛОВСКАЯ РАЙОННАЯ БОЛЬНИЦА""",https://zakupki.gov.ru/epz/organization/view/info.html?organizationId=783216,,
"САНКТ-ПЕТЕРБУРГСКОЕ ГОСУДАРСТВЕННОЕ КАЗЕННОЕ УЧРЕЖДЕНИЕ ЗДРАВООХРАНЕНИЯ ""ПСИХОНЕВРОЛОГИЧЕСКИЙ ДОМ РЕБЕНКА № 6""",https://zakupki.gov.ru/epz/organization/view/info.html?organizationId=624228,,
УПРАВЛЕНИЕ ФЕДЕРАЛЬНОЙ СЛУЖБЫ СУДЕБНЫХ ПРИСТАВОВ ПО РЕСПУБЛИКЕ АДЫГЕЯ,https://zakupki.gov.ru/epz/organization/view/info.html?organizationId=728348,,
"ГОСУДАРСТВЕННОЕ АВТОНОМНОЕ УЧРЕЖДЕНИЕ РЕСПУБЛИКИ АДЫГЕЯ ""РЕГИОНАЛЬНЫЙ МНОГОФУНКЦИОНАЛЬНЫЙ МОЛОДЕЖНЫЙ ЦЕНТР ""МОЛОДЕЖЬ АДЫГЕИ""",https://zakupki.gov.ru/epz/organization/view223/info.html?agencyId=725005,,
"МУНИЦИПАЛЬНОЕ КАЗЕННОЕ УЧРЕЖДЕНИЕ ""ЦЕНТР БУХГАЛТЕРСКОГО, МАТЕРИАЛЬНО-ТЕХНИЧЕСКОГО И ИНФОРМАЦИОННОГО ОБЕСПЕЧЕНИЯ"" УБИНСКОГО МУНИЦИПАЛЬНОГО ОКРУГА НОВОСИБИРСКОЙ ОБЛАСТИ",https://zakupki.gov.ru/epz/organization/view/info.html?organizationId=677212,,
"САНКТ-ПЕТЕРБУРГСКОЕ ГОСУДАРСТВЕННОЕ БЮДЖЕТНОЕ ПРОФЕССИОНАЛЬНОЕ ОБРАЗОВАТЕЛЬНОЕ УЧРЕЖДЕНИЕ ""АКАДЕМИЯ ТАНЦА БОРИСА ЭЙФМАНА""",https://zakupki.gov.ru/epz/organization/view/info.html?organizationId=1230752,,
ГОСУДАРСТВЕННОЕ БЮДЖЕТНОЕ ОБЩЕОБРАЗОВАТЕЛЬНОЕ УЧРЕЖДЕНИЕ СРЕДНЯЯ ОБЩЕОБРАЗОВАТЕЛЬНАЯ ШКОЛА № 75 С УГЛУБЛЕННЫМ ИЗУЧЕНИЕМ НЕМЕЦКОГО ЯЗЫКА ПЕТРОГРАДСКОГО РАЙОНА САНКТ-ПЕТЕРБУРГА,https://zakupki.gov.ru/epz/organization/view/info.html?organizationId=667884,,
"САНКТ-ПЕТЕРБУРГСКОЕ ГОСУДАРСТВЕННОЕ БЮДЖЕТНОЕ УЧРЕЖДЕНИЕ ЗДРАВООХРАНЕНИЯ ""ГОРОДСКАЯ КЛИНИЧЕСКАЯ БОЛЬНИЦА № 31""",https://zakupki.gov.ru/epz/organization/view/info.html?organizationId=626287,,
ГОСУДАРСТВЕННОЕ БЮДЖЕТНОЕ ОБЩЕОБРАЗОВАТЕЛЬНОЕ УЧРЕЖДЕНИЕ СРЕДНЯЯ ОБЩЕОБРАЗОВАТЕЛЬНАЯ ШКОЛА № 38 ПРИМОРСКОГО РАЙОНА САНКТ-ПЕТЕРБУРГА,https://zakupki.gov.ru/epz/organization/view/info.html?organizationId=785625,,
ГОСУДАРСТВЕННОЕ БЮДЖЕТНОЕ УЧРЕЖДЕНИЕ ЗДРАВООХРАНЕНИЯ РЕСПУБЛИКАНСКИЙ КАРДИОЛОГИЧЕСКИЙ ЦЕНТР,https://zakupki.gov.ru/epz/organization/view/info.html?organizationId=620781,,
"САНКТ-ПЕТЕРБУРГСКОЕ ГОСУДАРСТВЕННОЕ БЮДЖЕТНОЕ УЧРЕЖДЕНИЕ ЗДРАВООХРАНЕНИЯ ""ГОРОДСКАЯ ПОЛИКЛИНИКА № 60 ПУШКИНСКОГО РАЙОНА""",https://zakupki.gov.ru/epz/organization/view/info.html?organizationId=627115,,
"МУНИЦИПАЛЬНОЕ АВТОНОМНОЕ УЧРЕЖДЕНИЕ ДОПОЛНИТЕЛЬНОГО ОБРАЗОВАНИЯ ""ДЕТСКИЙ ОЗДОРОВИТЕЛЬНО- ОБРАЗОВАТЕЛЬНЫЙ ЦЕНТР ""САЛЮТ- 2"" ГОРОДСКОГО ОКРУГА САМАРА",https://zakupki.gov.ru/epz/organization/view223/info.html?agencyId=69323,,
"АДМИНИСТРАЦИЯ ГОРОДА МАЛГОБЕК МУНИЦИПАЛЬНОГО ОБРАЗОВАНИЯ ""ГОРОДСКОЙ ОКРУГ ГОРОД МАЛГОБЕК""",https://zakupki.gov.ru/epz/organization/view/info.html?organizationId=705303,,
АГЕНТСТВО ГОСУДАРСТВЕННОГО ЗАКАЗА КРАСНОЯРСКОГО КРАЯ,https://zakupki.gov.ru/epz/organization/view/info.html?reestrNumber=616341,,
ТЕРРИТОРИАЛЬНОЕ УПРАВЛЕНИЕ ФЕДЕРАЛЬНОГО АГЕНТСТВА ПО УПРАВЛЕНИЮ ГОСУДАРСТВЕННЫМ ИМУЩЕСТВОМ В РЕСПУБЛИКЕ СЕВЕРНАЯ ОСЕТИЯ - АЛАНИЯ,https://zakupki.gov.ru/epz/organization/view/info.html?organizationId=614471,,
"МУНИЦИПАЛЬНОЕ ОБЩЕОБРАЗОВАТЕЛЬНОЕ УЧРЕЖДЕНИЕ - СРЕДНЯЯ ОБЩЕОБРАЗОВАТЕЛЬНАЯ ШКОЛА ""СОДРУЖЕСТВО""",https://zakupki.gov.ru/epz/organization/view223/info.html?agencyId=752535,,
ГОСУДАРСТВЕННОЕ БЮДЖЕТНОЕ ДОШКОЛЬНОЕ ОБРАЗОВАТЕЛЬНОЕ УЧРЕЖДЕНИЕ ДЕТСКИЙ САД № 21 КИРОВСКОГО РАЙОНА САНКТ-ПЕТЕРБУРГА,https://zakupki.gov.ru/epz/organization/view/info.html?organizationId=630777,,
"ФЕДЕРАЛЬНОЕ ГОСУДАРСТВЕННОЕ БЮДЖЕТНОЕ УЧРЕЖДЕНИЕ ""НАЦИОНАЛЬНЫЙ МЕДИЦИНСКИЙ ИССЛЕДОВАТЕЛЬСКИЙ ЦЕНТР СЕРДЕЧНО-СОСУДИСТОЙ ХИРУРГИИ ИМЕНИ А.Н. БАКУЛЕВА"" МИНИСТЕРСТВА ЗДРАВООХРАНЕНИЯ РОССИЙСКОЙ ФЕДЕРАЦИИ",https://zakupki.gov.ru/epz/organization/view/info.html?organizationId=762438,,
АДМИНИСТРАЦИЯ МУНИЦИПАЛЬНОГО ОКРУГА ПЕВЕК,https://zakupki.gov.ru/epz/organization/view/info.html?reestrNumber=769079,,
"ПСКОВСКИЙ ФИЛИАЛ ФЕДЕРАЛЬНОГО ГОСУДАРСТВЕННОГО БЮДЖЕТНОГО НАУЧНОГО УЧРЕЖДЕНИЯ ""ВСЕРОССИЙСКИЙ НАУЧНО-ИССЛЕДОВАТЕЛЬСКИЙ ИНСТИТУТ РЫБНОГО ХОЗЯЙСТВА И ОКЕАНОГРАФИИ""",https://zakupki.gov.ru/epz/organization/view/info.html?organizationId=2242185,,
"ГОСУДАРСТВЕННОЕ БЮДЖЕТНОЕ УЧРЕЖДЕНИЕ ЗДРАВООХРАНЕНИЯ ПЕРМСКОГО КРАЯ ""ПЕРМСКАЯ КРАЕВАЯ КЛИНИЧЕСКАЯ ИНФЕКЦИОННАЯ БОЛЬНИЦА""",https://zakupki.gov.ru/epz/organization/view/info.html?organizationId=619896,,
"ГОСУДАРСТВЕННОЕ БЮДЖЕТНОЕ УЧРЕЖДЕНИЕ ЗДРАВООХРАНЕНИЯ МОСКОВСКОЙ ОБЛАСТИ ""ЧЕХОВСКАЯ БОЛЬНИЦА""",https://zakupki.gov.ru/epz/organization/view/info.html?organizationId=2247603,,
"ОБЛАСТНОЕ ГОСУДАРСТВЕННОЕ БЮДЖЕТНОЕ УЧРЕЖДЕНИЕ ЗДРАВООХРАНЕНИЯ ""МАНТУРОВСКАЯ ЦЕНТРАЛЬНАЯ РАЙОННАЯ БОЛЬНИЦА""",https://zakupki.gov.ru/epz/organization/view/info.html?organizationId=753604,,
"ГОСУДАРСТВЕННОЕ УЧРЕЖДЕНИЕ ЗДРАВООХРАНЕНИЯ САРАТОВСКОЙ ОБЛАСТИ ""КРАСНОПАРТИЗАНСКАЯ РАЙОННАЯ БОЛЬНИЦА""",https://zakupki.gov.ru/epz/organization/view/info.html?organizationId=722066,,
"ГОСУДАРСТВЕННОЕ АВТОНОМНОЕ УЧРЕЖДЕНИЕ ЗДРАВООХРАНЕНИЯ ""ГОСПИТАЛЬ ДЛЯ ВЕТЕРАНОВ ВОЙН"" Г. КАЗАНИ",https://zakupki.gov.ru/epz/organization/view/info.html?organizationId=1420592,,
"МУНИЦИПАЛЬНОЕ БЮДЖЕТНОЕ УЧРЕЖДЕНИЕ ""ХОЗЯЙСТВЕННО-ЭКСПЛУАТАЦИОННОЕ УПРАВЛЕНИЕ СМОЛЕНСКОГО РАЙОНА""",https://zakupki.gov.ru/epz/organization/view/info.html?organizationId=1394750,,
"ОБЩЕСТВО С ОГРАНИЧЕННОЙ ОТВЕТСТВЕННОСТЬЮ ""ЭН+ ТОРГОВЫЙ ДОМ""",https://zakupki.gov.ru/epz/organization/view223/info.html?agencyId=20621,,
"ГОСУДАРСТВЕННОЕ БЮДЖЕТНОЕ УЧРЕЖДЕНИЕ ДОПОЛНИТЕЛЬНОГО ОБРАЗОВАНИЯ ""ЦЕНТР РАЗВИТИЯ ТВОРЧЕСТВА ДЕТЕЙ И ЮНОШЕСТВА НИЖЕГОРОДСКОЙ ОБЛАСТИ""",https://zakupki.gov.ru/epz/organization/view/info.html?organizationId=738162,,
"АКЦИОНЕРНОЕ ОБЩЕСТВО ""АКЦИОНЕРНАЯ КОМПАНИЯ ""ЖЕЛЕЗНЫЕ ДОРОГИ ЯКУТИИ""",https://zakupki.gov.ru/epz/organization/view223/info.html?agencyId=7656,,
"ОБЛАСТНОЕ БЮДЖЕТНОЕ УЧРЕЖДЕНИЕ ЗДРАВООХРАНЕНИЯ ""ИВАНОВСКАЯ КЛИНИЧЕСКАЯ БОЛЬНИЦА ИМЕНИ КУВАЕВЫХ""",https://zakupki.gov.ru/epz/organization/view/info.html?organizationId=675070,,
"АКЦИОНЕРНОЕ ОБЩЕСТВО ""НАУЧНО-ИССЛЕДОВАТЕЛЬСКИЙ ИНСТИТУТ ОРГАНИЧЕСКИХ ПОЛУПРОДУКТОВ И КРАСИТЕЛЕЙ""",https://zakupki.gov.ru/epz/organization/view223/info.html?agencyId=634556,,
АПЕЛЛЯЦИОННЫЙ ВОЕННЫЙ СУД,https://zakupki.gov.ru/epz/organization/view/info.html?organizationId=2246871,,
"ОБЛАСТНОЕ БЮДЖЕТНОЕ УЧРЕЖДЕНИЕ ЗДРАВООХРАНЕНИЯ ""ГОРОДСКАЯ КЛИНИЧЕСКАЯ БОЛЬНИЦА №3 Г.ИВАНОВА""",https://zakupki.gov.ru/epz/organization/view/info.html?organizationId=695919,,
"ФЕДЕРАЛЬНОЕ ГОСУДАРСТВЕННОЕ БЮДЖЕТНОЕ УЧРЕЖДЕНИЕ ""ГОСУДАРСТВЕННЫЙ ПРИРОДНЫЙ ЗАПОВЕДНИК ""МАЛАЯ СОСЬВА"" ИМЕНИ В.В. РАЕВСКОГО""",https://zakupki.gov.ru/epz/organization/view/info.html?organizationId=691030,,
"ФЕДЕРАЛЬНОЕ АВТОНОМНОЕ НАУЧНОЕ УЧРЕЖДЕНИЕ ""ВОСТОЧНЫЙ ЦЕНТР ГОСУДАРСТВЕННОГО ПЛАНИРОВАНИЯ""",https://zakupki.gov.ru/epz/organization/view223/info.html?agencyId=139283,,
"ГОСУДАРСТВЕННОЕ БЮДЖЕТНОЕ УЧРЕЖДЕНИЕ ЗДРАВООХРАНЕНИЯ ""СПЕЦИАЛИЗИРОВАННАЯ ПСИХИАТРИЧЕСКАЯ БОЛЬНИЦА № 6"" МИНИСТЕРСТВА ЗДРАВООХРАНЕНИЯ КРАСНОДАРСКОГО КРАЯ",https://zakupki.gov.ru/epz/organization/view223/info.html?agencyId=317332,,
"БЮДЖЕТНОЕ УЧРЕЖДЕНИЕ ЗДРАВООХРАНЕНИЯ ОМСКОЙ ОБЛАСТИ ""ОДЕССКАЯ ЦЕНТРАЛЬНАЯ РАЙОННАЯ БОЛЬНИЦА""",https://zakupki.gov.ru/epz/organization/view/info.html?organizationId=755801,,
"ГОСУДАРСТВЕННОЕ БЮДЖЕТНОЕ  УЧРЕЖДЕНИЕ ""КОМПЛЕКСНЫЙ ЦЕНТР СОЦИАЛЬНОГО ОБСЛУЖИВАНИЯ НАСЕЛЕНИЯ ""МЫЗА"" ПРИОКСКОГО РАЙОНА ГОРОДА НИЖНЕГО НОВГОРОДА""",https://zakupki.gov.ru/epz/organization/view/info.html?organizationId=617393,,
"МУНИЦИПАЛЬНОЕ КАЗЕННОЕ УЧРЕЖДЕНИЕ ""ЦЕНТР ЗАКУПОК""",https://zakupki.gov.ru/epz/organization/view/info.html?reestrNumber=2149564,,
АДМИНИСТРАЦИЯ ГОРОДА СУРГУТА,https://zakupki.gov.ru/epz/organization/view/info.html?reestrNumber=673914,,
"ОБЩЕСТВО С ОГРАНИЧЕННОЙ ОТВЕТСТВЕННОСТЬЮ ""СЕЛЬСКОХОЗЯЙСТВЕННОЕ ПРЕДПРИЯТИЕ ""ДМИТРИЕВСКОЕ""",https://zakupki.gov.ru/epz/organization/view223/info.html?agencyId=753839,,
"ГОСУДАРСТВЕННОЕ БЮДЖЕТНОЕ УЧРЕЖДЕНИЕ ЗДРАВООХРАНЕНИЯ КАМЧАТСКОГО КРАЯ ""ПЕТРОПАВЛОВСК-КАМЧАТСКАЯ ГОРОДСКАЯ ДЕТСКАЯ ПОЛИКЛИНИКА № 2""",https://zakupki.gov.ru/epz/organization/view/info.html?organizationId=727047,,
ГОСУДАРСТВЕННОЕ БЮДЖЕТНОЕ СТАЦИОНАРНОЕ УЧРЕЖДЕНИЕ СОЦИАЛЬНОГО ОБСЛУЖИВАНИЯ СИСТЕМЫ СОЦИАЛЬНОЙ ЗАЩИТЫ НАСЕЛЕНИЯ УЛУ-ТЕЛЯКСКИЙ ПСИХОНЕВРОЛОГИЧЕСКИЙ ИНТЕРНАТ,https://zakupki.gov.ru/epz/organization/view/info.html?organizationId=658510,,
ГОСУДАРСТВЕННОЕ БЮДЖЕТНОЕ ДОШКОЛЬНОЕ ОБРАЗОВАТЕЛЬНОЕ УЧРЕЖДЕНИЕ ДЕТСКИЙ САД № 1 ОБЩЕРАЗВИВАЮЩЕГО ВИДА С ПРИОРИТЕТНЫМ ОСУЩЕСТВЛЕНИЕМ ДЕЯТЕЛЬНОСТИ ПО ПОЗНАВАТЕЛЬНО-РЕЧЕВОМУ РАЗВИТИЮ ДЕТЕЙ КРОНШТАДТСКОГО РАЙОНА САНКТ-ПЕТЕРБУРГА,https://zakupki.gov.ru/epz/organization/view/info.html?organizationId=710425,,
"ГОСУДАРСТВЕННОЕ БЮДЖЕТНОЕ УЧРЕЖДЕНИЕ ЗДРАВООХРАНЕНИЯ ГОРОДА МОСКВЫ ""ГОРОДСКАЯ КЛИНИЧЕСКАЯ БОЛЬНИЦА ИМЕНИ Ф.И. ИНОЗЕМЦЕВА ДЕПАРТАМЕНТА ЗДРАВООХРАНЕНИЯ ГОРОДА МОСКВЫ""",https://zakupki.gov.ru/epz/organization/view/info.html?organizationId=696904,,
ГОСУДАРСТВЕННОЕ БЮДЖЕТНОЕ ДОШКОЛЬНОЕ ОБРАЗОВАТЕЛЬНОЕ УЧРЕЖДЕНИЕ ДЕТСКИЙ САД № 22 ОБЩЕРАЗВИВАЮЩЕГО ВИДА С ПРИОРИТЕТНЫМ ОСУЩЕСТВЛЕНИЕМ ДЕЯТЕЛЬНОСТИ ПО ПОЗНАВАТЕЛЬНО-РЕЧЕВОМУ РАЗВИТИЮ ДЕТЕЙ КИРОВСКОГО РАЙОНА САНКТ-ПЕТЕРБУРГА,https://zakupki.gov.ru/epz/organization/view/info.html?organizationId=709265,,
"БЮДЖЕТНОЕ УЧРЕЖДЕНИЕ ЗДРАВООХРАНЕНИЯ ВОЛОГОДСКОЙ ОБЛАСТИ ""ВЕЛИКОУСТЮГСКАЯ ЦЕНТРАЛЬНАЯ РАЙОННАЯ БОЛЬНИЦА""",https://zakupki.gov.ru/epz/organization/view/info.html?organizationId=805016,,
"МУНИЦИПАЛЬНОЕ КАЗЕННОЕ УЧРЕЖДЕНИЕ ""УПРАВЛЕНИЕ СТРОИТЕЛЬСТВА И КОММУНАЛЬНОГО ХОЗЯЙСТВА""",https://zakupki.gov.ru/epz/organization/view/info.html?organizationId=2237569,,
ОБЛАСТНОЕ БЮДЖЕТНОЕ УЧРЕЖДЕНИЕ ЗДРАВООХРАНЕНИЯ ВИЧУГСКАЯ ЦЕНТРАЛЬНАЯ РАЙОННАЯ БОЛЬНИЦА,https://zakupki.gov.ru/epz/organization/view/info.html?organizationId=1397730,,
МЕЖРЕГИОНАЛЬНОЕ УПРАВЛЕНИЕ № 91 ФЕДЕРАЛЬНОГО МЕДИКО-БИОЛОГИЧЕСКОГО АГЕНТСТВА,https://zakupki.gov.ru/epz/organization/view/info.html?organizationId=624805,,
"ГОСУДАРСТВЕННОЕ БЮДЖЕТНОЕ УЧРЕЖДЕНИЕ ЗДРАВООХРАНЕНИЯ ""РЕСПУБЛИКАНСКИЙ    ЭНДОКРИНОЛОГИЧЕСКИЙ  ДИСПАНСЕР"" МИНИСТЕРСТВА ЗДРАВООХРАНЕНИЯ РЕСПУБЛИКИ СЕВЕРНАЯ ОСЕТИЯ  - АЛАНИЯ",https://zakupki.gov.ru/epz/organization/view/info.html?organizationId=784934,,
АДМИНИСТРАЦИЯ КРАСНОСЕЛЬСКОГО РАЙОНА САНКТ-ПЕТЕРБУРГА,https://zakupki.gov.ru/epz/organization/view/info.html?reestrNumber=632048,,
"МУНИЦИПАЛЬНОЕ УНИТАРНОЕ ПРЕДПРИЯТИЕ ""ТАЛДОМСЕРВИС"" ТАЛДОМСКОГО ГОРОДСКОГО ОКРУГА МОСКОВСКОЙ ОБЛАСТИ",https://zakupki.gov.ru/epz/organization/view223/info.html?agencyId=79852,,
"БЮДЖЕТНОЕ УЧРЕЖДЕНИЕ ХАНТЫ-МАНСИЙСКОГО АВТОНОМНОГО ОКРУГА - ЮГРЫ ""ЮГОРСКАЯ ГОРОДСКАЯ БОЛЬНИЦА""",https://zakupki.gov.ru/epz/organization/view/info.html?organizationId=2061834,,
АДМИНИСТРАЦИЯ МУНИЦИПАЛЬНОГО ОБРАЗОВАНИЯ СЕВЕРСКИЙ МУНИЦИПАЛЬНЫЙ РАЙОН КРАСНОДАРСКОГО КРАЯ,https://zakupki.gov.ru/epz/organization/view/info.html?reestrNumber=615713,,
"ГОСУДАРСТВЕННОЕ УЧРЕЖДЕНИЕ ЗДРАВООХРАНЕНИЯ ""КРАСНОАРМЕЙСКАЯ ОБЛАСТНАЯ ПСИХИАТРИЧЕСКАЯ БОЛЬНИЦА"" ИМЕНИ КАЛЯМИНА ЮРИЯ АЛЕКСЕЕВИЧА, ЗАСЛУЖЕННОГО ВРАЧА РСФСР""",https://zakupki.gov.ru/epz/organization/view/info.html?organizationId=810711,,
"ФЕДЕРАЛЬНОЕ ГОСУДАРСТВЕННОЕ БЮДЖЕТНОЕ УЧРЕЖДЕНИЕ ""ФЕДЕРАЛЬНЫЙ ЦЕНТР РАЗВИТИЯ ЭКСПОРТА ПРОДУКЦИИ АГРОПРОМЫШЛЕННОГО КОМПЛЕКСА РОССИЙСКОЙ ФЕДЕРАЦИИ""",https://zakupki.gov.ru/epz/organization/view/info.html?organizationId=1434819,,
"МУНИЦИПАЛЬНОЕ БЮДЖЕТНОЕ УЧРЕЖДЕНИЕ ДОПОЛНИТЕЛЬНОГО ОБРАЗОВАНИЯ ""СПОРТИВНАЯ ШКОЛА № 5"" Г. ВОЛГОДОНСКА",https://zakupki.gov.ru/epz/organization/view/info.html?organizationId=756071,,
"АКЦИОНЕРНОЕ ОБЩЕСТВО ""СИБИРСКО-УРАЛЬСКАЯ ЭНЕРГЕТИЧЕСКАЯ КОМПАНИЯ""",https://zakupki.gov.ru/epz/organization/view223/info.html?agencyId=13679,,
